GameUID,PitchNo,PitchUID,PlayID,Date,Time,UTCDate,UTCTime,LocalDateTime,UTCDateTime,PitcherTeam,BatterTeam,PitchCall,PlayResult,DetectedShift,1B_PositionAtReleaseX,1B_PositionAtReleaseZ,2B_PositionAtReleaseX,2B_PositionAtReleaseZ,3B_PositionAtReleaseX,3B_PositionAtReleaseZ,SS_PositionAtReleaseX,SS_PositionAtReleaseZ,LF_PositionAtReleaseX,LF_PositionAtReleaseZ,CF_PositionAtReleaseX,CF_PositionAtReleaseZ,RF_PositionAtReleaseX,RF_PositionAtReleaseZ,1B_Name,1B_Id,2B_Name,2B_Id,3B_Name,3B_Id,SS_Name,SS_Id,LF_Name,LF_Id,CF_Name,CF_Id,RF_Name,RF_Id,FHC
197d7303-619e-4e4b-bd3f-ff73083c07c6,1,ba3bd0d0-2d4d-11f1-8dae-b3d58bc9f52b,08c8b53f-4afe-4f89-84c3-2436909d459c,2026-03-31,18:05:28.20,2026-03-31,22:05:28.20,2026-03-31T18:05:28.2042368-04:00,2026-03-31T22:05:28.2042368Z,APP_MOU,NCA_BUL,BallCalled,Undefined,NoShift,96.86786,55.46829,152.02771,21.4318,75.03006,-52.76264,142.24005,-46.44872,273.97006,-123.4066,313.31421,14.54437,247.40283,144.1113,"Puig, Ethan",813911,"Zamora, Joseph",1000128701,"Mummau, Jake",701417,"Xuereb, Jonathan",804436,"Soul, Nico",1000275968,"Evans, Charlie",813602,"Luft, Riley",1000102710,true
197d7303-619e-4e4b-bd3f-ff73083c07c6,2,c74cd8f0-2d4d-11f1-8dae-b3d58bc9f52b,58ef6e3f-a765-4546-8ab5-40b9511002a1,2026-03-31,18:05:50.04,2026-03-31,22:05:50.04,2026-03-31T18:05:50.0419584-04:00,2026-03-31T22:05:50.0419584Z,APP_MOU,NCA_BUL,BallCalled,Undefined,NoShift,96.68105,57.87273,152.12605,21.86742,76.85989,-55.44429,142.01039,-46.6433,272.94555,-123.25446,312.84495,14.2968,249.64548,144.6922,"Puig, Ethan",813911,"Zamora, Joseph",1000128701,"Mummau, Jake",701417,"Xuereb, Jonathan",804436,"Soul, Nico",1000275968,"Evans, Charlie",813602,"Luft, Riley",1000102710,true
197d7303-619e-4e4b-bd3f-ff73083c07c6,3,d54e5b90-2d4d-11f1-8dae-b3d58bc9f52b,f1c22607-2409-4311-b400-39e7a3e8b3b5,2026-03-31,18:06:13.52,2026-03-31,22:06:13.52,2026-03-31T18:06:13.5204352-04:00,2026-03-31T22:06:13.5204352Z,APP_MOU,NCA_BUL,StrikeCalled,Undefined,NoShift,94.36943,56.35992,152.37312,18.28641,73.35129,-54.15597,141.00631,-46.83567,272.31808,-124.47297,314.03024,13.80188,248.92952,143.77589,"Puig, Ethan",813911,"Zamora, Joseph",1000128701,"Mummau, Jake",701417,"Xuereb, Jonathan",804436,"Soul, Nico",1000275968,"Evans, Charlie",813602,"Luft, Riley",1000102710,true
197d7303-619e-4e4b-bd3f-ff73083c07c6,4,df993ed0-2d4d-11f1-8dae-b3d58bc9f52b,a82892a2-9d19-4495-98aa-22eaa367ee1f,2026-03-31,18:06:30.80,2026-03-31,22:06:30.80,2026-03-31T18:06:30.8072960-04:00,2026-03-31T22:06:30.8072960Z,APP_MOU,NCA_BUL,StrikeCalled,Undefined,NoShift,97.06512,55.27081,152.04194,18.06769,74.31711,-54.42268,141.48061,-47.21376,271.60222,-126.0691,310.37117,14.09022,249.74667,145.35806,"Puig, Ethan",813911,"Zamora, Joseph",1000128701,"Mummau, Jake",701417,"Xuereb, Jonathan",804436,"Soul, Nico",1000275968,"Evans, Charlie",813602,"Luft, Riley",1000102710,true
197d7303-619e-4e4b-bd3f-ff73083c07c6,5,e8fe55f0-2d4d-11f1-8dae-b3d58bc9f52b,f00eda03-91cd-40d8-90fd-890b41e07d4e,2026-03-31,18:06:46.60,2026-03-31,22:06:46.60,2026-03-31T18:06:46.6035200-04:00,2026-03-31T22:06:46.6035200Z,APP_MOU,NCA_BUL,InPlay,Out,NoShift,100.2779,57.06136,153.95123,17.83106,100.83876,-68.9086,141.5456,-46.87479,271.78011,-123.83471,311.17849,14.22431,252.627,147.62522,"Puig, Ethan",813911,"Zamora, Joseph",1000128701,"Mummau, Jake",701417,"Xuereb, Jonathan",804436,"Soul, Nico",1000275968,"Evans, Charlie",813602,"Luft, Riley",1000102710,true
197d7303-619e-4e4b-bd3f-ff73083c07c6,6,fbac2290-2d4d-11f1-8dae-b3d58bc9f52b,f7441bbc-05d9-4239-8e52-4c877671e87a,2026-03-31,18:07:17.89,2026-03-31,22:07:17.89,2026-03-31T18:07:17.8923008-04:00,2026-03-31T22:07:17.8923008Z,APP_MOU,NCA_BUL,BallCalled,Undefined,NoShift,92.32711,71.32303,145.31447,44.0848,101.51881,-67.70139,150.2439,-25.84401,247.81269,-142.16538,323.86282,-19.47918,275.65952,131.80611,"Puig, Ethan",813911,"Zamora, Joseph",1000128701,"Mummau, Jake",701417,"Xuereb, Jonathan",804436,"Soul, Nico",1000275968,"Evans, Charlie",813602,"Luft, Riley",1000102710,true
197d7303-619e-4e4b-bd3f-ff73083c07c6,7,053b2fe0-2d4e-11f1-8dae-b3d58bc9f52b,7e1bb556-6446-4a18-986e-ad10e93eeec0,2026-03-31,18:07:33.95,2026-03-31,22:07:33.95,2026-03-31T18:07:33.9584000-04:00,2026-03-31T22:07:33.9584000Z,APP_MOU,NCA_BUL,BallCalled,Undefined,NoShift,90.2934,71.62749,145.92318,45.21401,95.13102,-50.40747,149.99591,-25.27065,247.72987,-144.2465,324.4269,-18.96636,278.82443,134.21837,"Puig, Ethan",813911,"Zamora, Joseph",1000128701,"Mummau, Jake",701417,"Xuereb, Jonathan",804436,"Soul, Nico",1000275968,"Evans, Charlie",813602,"Luft, Riley",1000102710,true
197d7303-619e-4e4b-bd3f-ff73083c07c6,8,108f93e0-2d4e-11f1-8dae-b3d58bc9f52b,727fd23b-8529-40b4-81f3-2e4214344938,2026-03-31,18:07:52.98,2026-03-31,22:07:52.98,2026-03-31T18:07:52.9835008-04:00,2026-03-31T22:07:52.9835008Z,APP_MOU,NCA_BUL,BallCalled,Undefined,NoShift,90.4795,70.65219,145.85497,44.61466,86.46729,-46.0015,150.002,-25.79793,240.89404,-140.96635,322.72614,-18.73464,277.67825,135.54582,"Puig, Ethan",813911,"Zamora, Joseph",1000128701,"Mummau, Jake",701417,"Xuereb, Jonathan",804436,"Soul, Nico",1000275968,"Evans, Charlie",813602,"Luft, Riley",1000102710,true
197d7303-619e-4e4b-bd3f-ff73083c07c6,9,1b131350-2d4e-11f1-8dae-b3d58bc9f52b,d7f02c06-1e08-492f-a09e-905a4ee0174f,2026-03-31,18:08:10.63,2026-03-31,22:08:10.63,2026-03-31T18:08:10.6350080-04:00,2026-03-31T22:08:10.6350080Z,APP_MOU,NCA_BUL,BallCalled,Undefined,NoShift,89.34043,71.94188,146.30501,44.90856,95.75505,-54.48102,149.88092,-26.36453,245.17181,-145.34434,322.52667,-19.45052,278.93659,136.20971,"Puig, Ethan",813911,"Zamora, Joseph",1000128701,"Mummau, Jake",701417,"Xuereb, Jonathan",804436,"Soul, Nico",1000275968,"Evans, Charlie",813602,"Luft, Riley",1000102710,true
197d7303-619e-4e4b-bd3f-ff73083c07c6,10,2d878070-2d4e-11f1-8dae-b3d58bc9f52b,9e1dfcc3-4be3-4989-a069-d09a33c42b25,2026-03-31,18:08:41.55,2026-03-31,22:08:41.55,2026-03-31T18:08:41.5507456-04:00,2026-03-31T22:08:41.5507456Z,APP_MOU,NCA_BUL,InPlay,Out,NoShift,67.68823,57.09463,133.40948,37.00875,82.51627,-58.04336,148.06377,-8.8862,245.3703,-142.93278,320.94047,-16.15336,277.82812,133.93716,"Puig, Ethan",813911,"Zamora, Joseph",1000128701,"Mummau, Jake",701417,"Xuereb, Jonathan",804436,"Soul, Nico",1000275968,"Evans, Charlie",813602,"Luft, Riley",1000102710,true
197d7303-619e-4e4b-bd3f-ff73083c07c6,11,928c4000-2d4e-11f1-8dae-b3d58bc9f52b,b246ea74-7c2a-4d51-832a-640fa3f24330,2026-03-31,18:11:31.04,2026-03-31,22:11:31.04,2026-03-31T18:11:31.0454784-04:00,2026-03-31T22:11:31.0454784Z,NCA_BUL,APP_MOU,InPlay,Double,NoShift,78.30139,43.8215,137.56918,45.44665,73.66135,-49.11513,137.9816,-37.02508,271.80931,-119.73518,313.4911,14.67627,253.28818,131.44116,"Gillen, Patrick",804322,"Swangim, Zeb",1000239439,"Parks, Tyler",823708,"Lowe, Logan",1000448251,"Johnson, Blaize",10082492,"Pereira, Jake",10090799,"Minarik, Jake",1000414115,true
197d7303-619e-4e4b-bd3f-ff73083c07c6,12,b0b66b00-2d4e-11f1-8dae-b3d58bc9f52b,7ab37e6a-ff51-4849-8ae8-02f718ef1d00,2026-03-31,18:12:21.61,2026-03-31,22:12:21.61,2026-03-31T18:12:21.6149504-04:00,2026-03-31T22:12:21.6149504Z,NCA_BUL,APP_MOU,FoulBallNotFieldable,Undefined,NoShift,92.75104,61.22019,137.35576,17.32522,74.80172,-50.74118,137.24508,-36.19009,268.88556,-125.69604,326.81625,0.85385,260.60053,136.63697,"Gillen, Patrick",804322,"Swangim, Zeb",1000239439,"Parks, Tyler",823708,"Lowe, Logan",1000448251,"Johnson, Blaize",10082492,"Pereira, Jake",10090799,"Minarik, Jake",1000414115,true
197d7303-619e-4e4b-bd3f-ff73083c07c6,13,bf3ef7f0-2d4e-11f1-8dae-b3d58bc9f52b,0ca0d426-f62a-40c0-8574-624f9682daea,2026-03-31,18:12:45.98,2026-03-31,22:12:45.98,2026-03-31T18:12:45.9893760-04:00,2026-03-31T22:12:45.9893760Z,NCA_BUL,APP_MOU,BallCalled,Undefined,NoShift,92.16951,61.44134,137.05589,17.8586,83.0082,-58.22554,136.20949,-36.45395,265.57543,-125.05501,324.45213,0.31549,262.71619,137.48999,"Gillen, Patrick",804322,"Swangim, Zeb",1000239439,"Parks, Tyler",823708,"Lowe, Logan",1000448251,"Johnson, Blaize",10082492,"Pereira, Jake",10090799,"Minarik, Jake",1000414115,true
197d7303-619e-4e4b-bd3f-ff73083c07c6,14,caa0f080-2d4e-11f1-8dae-b3d58bc9f52b,ee4b8b76-5776-401c-ba03-943964f71505,2026-03-31,18:13:05.13,2026-03-31,22:13:05.13,2026-03-31T18:13:05.1341312-04:00,2026-03-31T22:13:05.1341312Z,NCA_BUL,APP_MOU,BallCalled,Undefined,NoShift,92.84893,62.26554,136.61284,17.18427,80.40914,-56.89373,137.89979,-38.62873,271.37184,-128.50842,319.91322,-0.15822,261.16533,137.69246,"Gillen, Patrick",804322,"Swangim, Zeb",1000239439,"Parks, Tyler",823708,"Lowe, Logan",1000448251,"Johnson, Blaize",10082492,"Pereira, Jake",10090799,"Minarik, Jake",1000414115,true
197d7303-619e-4e4b-bd3f-ff73083c07c6,15,d5d6a8f0-2d4e-11f1-8dae-b3d58bc9f52b,107ef629-a88c-4666-b7c5-88fb10382942,2026-03-31,18:13:23.89,2026-03-31,22:13:23.89,2026-03-31T18:13:23.8983680-04:00,2026-03-31T22:13:23.8983680Z,NCA_BUL,APP_MOU,FoulBallNotFieldable,Undefined,NoShift,92.98081,62.09743,136.84835,16.116,82.79104,-59.21599,139.07742,-38.59298,271.13221,-128.09673,318.38939,0.17427,261.32836,137.18652,"Gillen, Patrick",804322,"Swangim, Zeb",1000239439,"Parks, Tyler",823708,"Lowe, Logan",1000448251,"Johnson, Blaize",10082492,"Pereira, Jake",10090799,"Minarik, Jake",1000414115,true
197d7303-619e-4e4b-bd3f-ff73083c07c6,16,e43343e0-2d4e-11f1-8dae-b3d58bc9f52b,3afb5089-a409-4f92-a415-f7590ebcce20,2026-03-31,18:13:47.97,2026-03-31,22:13:47.97,2026-03-31T18:13:47.9774720-04:00,2026-03-31T22:13:47.9774720Z,NCA_BUL,APP_MOU,BallCalled,Undefined,NoShift,92.89853,61.24069,137.11018,18.13367,89.73761,-67.47328,136.62876,-38.93009,275.69234,-115.57269,313.76246,12.30252,241.54351,138.99177,"Gillen, Patrick",804322,"Swangim, Zeb",1000239439,"Parks, Tyler",823708,"Lowe, Logan",1000448251,"Johnson, Blaize",10082492,"Pereira, Jake",10090799,"Minarik, Jake",1000414115,true
197d7303-619e-4e4b-bd3f-ff73083c07c6,17,f27ddd70-2d4e-11f1-8dae-b3d58bc9f52b,179d59e4-4513-4978-b0ed-0ff0c6724ddc,2026-03-31,18:14:12.01,2026-03-31,22:14:12.01,2026-03-31T18:14:12.0118784-04:00,2026-03-31T22:14:12.0118784Z,NCA_BUL,APP_MOU,BallCalled,Undefined,NoShift,92.64712,60.82521,137.11328,18.93274,88.23456,-66.36928,136.83394,-39.27643,274.39983,-117.8817,319.01901,7.64252,242.46607,139.01648,"Gillen, Patrick",804322,"Swangim, Zeb",1000239439,"Parks, Tyler",823708,"Lowe, Logan",1000448251,"Johnson, Blaize",10082492,"Pereira, Jake",10090799,"Minarik, Jake",1000414115,true
197d7303-619e-4e4b-bd3f-ff73083c07c6,18,090ba360-2d4f-11f1-8dae-b3d58bc9f52b,be9fa06b-ce47-462d-a719-1c1e9cdb9e15,2026-03-31,18:14:49.84,2026-03-31,22:14:49.84,2026-03-31T18:14:49.8405888-04:00,2026-03-31T22:14:49.8405888Z,NCA_BUL,APP_MOU,StrikeCalled,Undefined,NoShift,94.58035,60.87451,139.32259,19.84709,78.09925,-51.0225,134.41509,-32.87926,273.58992,-114.34138,314.90618,14.47329,259.76687,139.19857,"Gillen, Patrick",804322,"Swangim, Zeb",1000239439,"Parks, Tyler",823708,"Lowe, Logan",1000448251,"Johnson, Blaize",10082492,"Pereira, Jake",10090799,"Minarik, Jake",1000414115,true
197d7303-619e-4e4b-bd3f-ff73083c07c6,19,15d01220-2d4f-11f1-8dae-b3d58bc9f52b,57c5d813-4593-4c0d-986d-d8e125cd34b8,2026-03-31,18:15:11.19,2026-03-31,22:15:11.19,2026-03-31T18:15:11.1948800-04:00,2026-03-31T22:15:11.1948800Z,NCA_BUL,APP_MOU,InPlay,Sacrifice,NoShift,88.88567,55.42996,130.32704,20.58766,75.44199,-50.26778,134.87423,-30.47121,275.2528,-119.01055,311.93603,14.01095,262.80062,139.71921,"Gillen, Patrick",804322,"Swangim, Zeb",1000239439,"Parks, Tyler",823708,"Lowe, Logan",1000448251,"Johnson, Blaize",10082492,"Pereira, Jake",10090799,"Minarik, Jake",1000414115,true
197d7303-619e-4e4b-bd3f-ff73083c07c6,20,2963aae0-2d4f-11f1-8dae-b3d58bc9f52b,88fe049e-5b43-420e-bd4f-7b5791e1ce8a,2026-03-31,18:15:43.98,2026-03-31,22:15:43.98,2026-03-31T18:15:43.9880704-04:00,2026-03-31T22:15:43.9880704Z,NCA_BUL,APP_MOU,BallCalled,Undefined,NoShift,73.7792,49.31612,138.38765,43.178,77.66329,-52.53306,136.24851,-38.12787,271.2416,-123.65978,314.94826,0.78964,269.4242,141.3354,"Gillen, Patrick",804322,"Swangim, Zeb",1000239439,"Parks, Tyler",823708,"Lowe, Logan",1000448251,"Johnson, Blaize",10082492,"Pereira, Jake",10090799,"Minarik, Jake",1000414115,true
197d7303-619e-4e4b-bd3f-ff73083c07c6,21,33a650c0-2d4f-11f1-8dae-b3d58bc9f52b,cc3498e8-1f4d-4361-9ea5-4c35539b03b9,2026-03-31,18:16:01.28,2026-03-31,22:16:01.28,2026-03-31T18:16:01.2811264-04:00,2026-03-31T22:16:01.2811264Z,NCA_BUL,APP_MOU,InPlay,Double,NoShift,74.69791,49.69183,140.45286,43.75307,78.69992,-54.5116,136.82882,-36.45464,268.25608,-123.17797,314.58809,0.62515,267.78675,141.56263,"Gillen, Patrick",804322,"Swangim, Zeb",1000239439,"Parks, Tyler",823708,"Lowe, Logan",1000448251,"Johnson, Blaize",10082492,"Pereira, Jake",10090799,"Minarik, Jake",1000414115,true
197d7303-619e-4e4b-bd3f-ff73083c07c6,22,51e6c2e0-2d4f-11f1-8dae-b3d58bc9f52b,8b5f812c-7969-4422-9389-7ef1c77590e2,2026-03-31,18:16:52.09,2026-03-31,22:16:52.09,2026-03-31T18:16:52.0959488-04:00,2026-03-31T22:16:52.0959488Z,NCA_BUL,APP_MOU,BallCalled,Undefined,NoShift,94.32295,62.33701,135.58082,17.63302,88.25626,-67.1856,138.62783,-36.0602,261.27916,-131.04345,311.75472,-0.06315,270.44195,140.29804,"Gillen, Patrick",804322,"Swangim, Zeb",1000239439,"Parks, Tyler",823708,"Lowe, Logan",1000448251,"Johnson, Blaize",10082492,"Pereira, Jake",10090799,"Minarik, Jake",1000414115,true
197d7303-619e-4e4b-bd3f-ff73083c07c6,23,5df241e0-2d4f-11f1-8dae-b3d58bc9f52b,8951e5bf-1239-4ab3-8d9b-e1788a0d4c30,2026-03-31,18:17:12.29,2026-03-31,22:17:12.29,2026-03-31T18:17:12.2930688-04:00,2026-03-31T22:17:12.2930688Z,NCA_BUL,APP_MOU,InPlay,Out,NoShift,92.94207,61.63374,139.26833,18.83828,86.51806,-68.26519,137.22163,-36.14789,273.08536,-136.27917,312.15229,-0.09258,267.94807,139.74526,"Gillen, Patrick",804322,"Swangim, Zeb",1000239439,"Parks, Tyler",823708,"Lowe, Logan",1000448251,"Johnson, Blaize",10082492,"Pereira, Jake",10090799,"Minarik, Jake",1000414115,true
197d7303-619e-4e4b-bd3f-ff73083c07c6,24,76e1c590-2d4f-11f1-8dae-b3d58bc9f52b,649a1607-8ea2-4a75-9637-c639faf7e676,2026-03-31,18:17:54.02,2026-03-31,22:17:54.02,2026-03-31T18:17:54.0254208-04:00,2026-03-31T22:17:54.0254208Z,NCA_BUL,APP_MOU,StrikeSwinging,Undefined,NoShift,94.39074,78.59502,134.77932,56.56492,82.66306,-43.15972,151.91831,-19.59481,275.01644,-124.93836,325.14681,-5.71474,272.42729,143.52853,"Gillen, Patrick",804322,"Swangim, Zeb",1000239439,"Parks, Tyler",823708,"Lowe, Logan",1000448251,"Johnson, Blaize",10082492,"Pereira, Jake",10090799,"Minarik, Jake",1000414115,true
197d7303-619e-4e4b-bd3f-ff73083c07c6,25,82a2ce10-2d4f-11f1-8dae-b3d58bc9f52b,1c591145-149a-4d5b-9383-a54fc32ca2f9,2026-03-31,18:18:13.80,2026-03-31,22:18:13.80,2026-03-31T18:18:13.8074112-04:00,2026-03-31T22:18:13.8074112Z,NCA_BUL,APP_MOU,BallCalled,Undefined,NoShift,93.66998,77.79774,132.93041,58.34437,87.07988,-47.82266,150.66146,-19.1312,273.81478,-131.47314,322.76585,-5.03256,270.75872,143.18326,"Gillen, Patrick",804322,"Swangim, Zeb",1000239439,"Parks, Tyler",823708,"Lowe, Logan",1000448251,"Johnson, Blaize",10082492,"Pereira, Jake",10090799,"Minarik, Jake",1000414115,true
197d7303-619e-4e4b-bd3f-ff73083c07c6,26,8edb0260-2d4f-11f1-8dae-b3d58bc9f52b,dd08bba0-716e-4f22-913e-bd3e7ef2b32d,2026-03-31,18:18:34.38,2026-03-31,22:18:34.38,2026-03-31T18:18:34.3811584-04:00,2026-03-31T22:18:34.3811584Z,NCA_BUL,APP_MOU,BallCalled,Undefined,NoShift,93.17571,77.29266,134.31593,57.67988,83.95189,-46.62543,151.2273,-18.51072,270.03505,-128.82961,327.15282,-4.48128,271.70963,142.67665,"Gillen, Patrick",804322,"Swangim, Zeb",1000239439,"Parks, Tyler",823708,"Lowe, Logan",1000448251,"Johnson, Blaize",10082492,"Pereira, Jake",10090799,"Minarik, Jake",1000414115,true
197d7303-619e-4e4b-bd3f-ff73083c07c6,27,99a304e0-2d4f-11f1-8dae-b3d58bc9f52b,3c40002c-77fc-4b8b-bfd9-136cdc540921,2026-03-31,18:18:52.35,2026-03-31,22:18:52.35,2026-03-31T18:18:52.3564544-04:00,2026-03-31T22:18:52.3564544Z,NCA_BUL,APP_MOU,StrikeSwinging,Undefined,NoShift,93.89273,78.14239,134.13349,58.41904,84.65927,-48.41231,149.76349,-19.78867,273.84716,-129.90368,326.91536,-4.00737,270.02011,141.47751,"Gillen, Patrick",804322,"Swangim, Zeb",1000239439,"Parks, Tyler",823708,"Lowe, Logan",1000448251,"Johnson, Blaize",10082492,"Pereira, Jake",10090799,"Minarik, Jake",1000414115,true
197d7303-619e-4e4b-bd3f-ff73083c07c6,28,a72a2760-2d4f-11f1-8dae-b3d58bc9f52b,97006393-3a2f-4a3a-ae60-8123dfb22cac,2026-03-31,18:19:15.08,2026-03-31,22:19:15.08,2026-03-31T18:19:15.0808576-04:00,2026-03-31T22:19:15.0808576Z,NCA_BUL,APP_MOU,BallCalled,Undefined,NoShift,92.17908,77.17004,133.73959,58.25047,92.44075,-49.95846,150.18754,-18.82122,257.20447,-133.47731,323.309,-10.10412,272.0014,140.55213,"Gillen, Patrick",804322,"Swangim, Zeb",1000239439,"Parks, Tyler",823708,"Lowe, Logan",1000448251,"Johnson, Blaize",10082492,"Pereira, Jake",10090799,"Minarik, Jake",1000414115,true
197d7303-619e-4e4b-bd3f-ff73083c07c6,29,b44b3510-2d4f-11f1-8dae-b3d58bc9f52b,4a611686-e520-4cbb-9283-ac6f955287ff,2026-03-31,18:19:37.16,2026-03-31,22:19:37.16,2026-03-31T18:19:37.1638272-04:00,2026-03-31T22:19:37.1638272Z,NCA_BUL,APP_MOU,InPlay,Out,NoShift,92.26563,76.98706,133.76067,57.90315,95.60725,-53.34513,150.2101,-20.67524,258.93594,-134.70213,319.04869,-9.96438,271.49993,140.79741,"Gillen, Patrick",804322,"Swangim, Zeb",1000239439,"Parks, Tyler",823708,"Lowe, Logan",1000448251,"Johnson, Blaize",10082492,"Pereira, Jake",10090799,"Minarik, Jake",1000414115,true
197d7303-619e-4e4b-bd3f-ff73083c07c6,30,100a2550-2d50-11f1-8dae-b3d58bc9f52b,27cb1189-81bb-488f-9d32-a355072648ef,2026-03-31,18:22:11.08,2026-03-31,22:22:11.08,2026-03-31T18:22:11.0816256-04:00,2026-03-31T22:22:11.0816256Z,APP_MOU,NCA_BUL,InPlay,Single,NoShift,98.50088,61.33306,150.43895,31.9191,103.44642,-69.0271,143.50773,-45.43343,276.62844,-125.67262,317.85458,13.79004,254.65934,148.11887,"Puig, Ethan",813911,"Zamora, Joseph",1000128701,"Mummau, Jake",701417,"Xuereb, Jonathan",804436,"Soul, Nico",1000275968,"Evans, Charlie",813602,"Luft, Riley",1000102710,true
197d7303-619e-4e4b-bd3f-ff73083c07c6,31,21cb6f10-2d50-11f1-8dae-b3d58bc9f52b,f1de009c-9477-4f69-b8f5-b9babdc96bf6,2026-03-31,18:22:40.80,2026-03-31,22:22:40.80,2026-03-31T18:22:40.8017408-04:00,2026-03-31T22:22:40.8017408Z,APP_MOU,NCA_BUL,StrikeCalled,Undefined,NoShift,66.81063,56.72562,141.79746,26.66629,83.93004,-58.95777,135.6048,-39.84774,275.22521,-124.31215,316.15268,13.56197,252.32464,146.33781,"Puig, Ethan",813911,"Zamora, Joseph",1000128701,"Mummau, Jake",701417,"Xuereb, Jonathan",804436,"Soul, Nico",1000275968,"Evans, Charlie",813602,"Luft, Riley",1000102710,true
197d7303-619e-4e4b-bd3f-ff73083c07c6,32,2c2b60f0-2d50-11f1-8dae-b3d58bc9f52b,c50f699c-e11f-4b7b-b184-3d9f75a10882,2026-03-31,18:22:58.26,2026-03-31,22:22:58.26,2026-03-31T18:22:58.2673920-04:00,2026-03-31T22:22:58.2673920Z,APP_MOU,NCA_BUL,FoulBallNotFieldable,Undefined,NoShift,66.19568,57.7951,141.31842,26.74683,83.61003,-59.12465,134.74321,-38.12999,274.0738,-122.72706,314.62357,13.98771,251.85366,145.55459,"Puig, Ethan",813911,"Zamora, Joseph",1000128701,"Mummau, Jake",701417,"Xuereb, Jonathan",804436,"Soul, Nico",1000275968,"Evans, Charlie",813602,"Luft, Riley",1000102710,true
197d7303-619e-4e4b-bd3f-ff73083c07c6,33,48aee0d0-2d50-11f1-8dae-b3d58bc9f52b,a676f316-bba0-473a-8cf6-8fdbdc5494a0,2026-03-31,18:23:46.14,2026-03-31,22:23:46.14,2026-03-31T18:23:46.1458432-04:00,2026-03-31T22:23:46.1458432Z,APP_MOU,NCA_BUL,BallCalled,Undefined,NoShift,66.12849,57.09877,140.1643,25.74677,82.71971,-59.39022,134.50887,-39.30418,275.70796,-125.12599,314.77625,12.574,254.93667,147.83378,"Puig, Ethan",813911,"Zamora, Joseph",1000128701,"Mummau, Jake",701417,"Xuereb, Jonathan",804436,"Soul, Nico",1000275968,"Evans, Charlie",813602,"Luft, Riley",1000102710,true
197d7303-619e-4e4b-bd3f-ff73083c07c6,34,5749bd40-2d50-11f1-8dae-b3d58bc9f52b,984de318-f887-4d0a-93f3-672fb51b64ef,2026-03-31,18:24:10.55,2026-03-31,22:24:10.55,2026-03-31T18:24:10.5592832-04:00,2026-03-31T22:24:10.5592832Z,APP_MOU,NCA_BUL,InPlay,HomeRun,NoShift,96.10681,58.10439,141.45861,23.68144,101.85936,-72.13172,143.07138,-46.72872,274.39466,-124.76599,313.79357,13.27113,255.20143,149.21545,"Puig, Ethan",813911,"Zamora, Joseph",1000128701,"Mummau, Jake",701417,"Xuereb, Jonathan",804436,"Soul, Nico",1000275968,"Evans, Charlie",813602,"Luft, Riley",1000102710,true
197d7303-619e-4e4b-bd3f-ff73083c07c6,35,75b5d340-2d50-11f1-8dae-b3d58bc9f52b,fa8c2df7-bc68-4e89-bd2d-2497f7f5e8dc,2026-03-31,18:25:01.66,2026-03-31,22:25:01.66,2026-03-31T18:25:01.6674304-04:00,2026-03-31T22:25:01.6674304Z,APP_MOU,NCA_BUL,StrikeCalled,Undefined,NoShift,95.57037,63.65532,149.66169,33.03738,99.57389,-68.83107,143.34006,-46.62388,275.30862,-125.06606,316.37962,13.87204,253.84355,145.9766,"Puig, Ethan",813911,"Zamora, Joseph",1000128701,"Mummau, Jake",701417,"Xuereb, Jonathan",804436,"Soul, Nico",1000275968,"Evans, Charlie",813602,"Luft, Riley",1000102710,true
197d7303-619e-4e4b-bd3f-ff73083c07c6,36,7ef75cd0-2d50-11f1-8dae-b3d58bc9f52b,4c7cebf2-9f82-4e7b-b950-bb2a0976fc49,2026-03-31,18:25:17.21,2026-03-31,22:25:17.21,2026-03-31T18:25:17.2140032-04:00,2026-03-31T22:25:17.2140032Z,APP_MOU,NCA_BUL,StrikeCalled,Undefined,NoShift,97.68277,64.69482,150.27612,34.43612,100.59246,-69.65934,143.5434,-46.63543,278.873,-127.83884,315.76282,14.1368,253.63983,146.67653,"Puig, Ethan",813911,"Zamora, Joseph",1000128701,"Mummau, Jake",701417,"Xuereb, Jonathan",804436,"Soul, Nico",1000275968,"Evans, Charlie",813602,"Luft, Riley",1000102710,true
197d7303-619e-4e4b-bd3f-ff73083c07c6,37,893dfa50-2d50-11f1-8dae-b3d58bc9f52b,324425e4-ede3-478e-a50b-03b7341102f9,2026-03-31,18:25:34.46,2026-03-31,22:25:34.46,2026-03-31T18:25:34.4643584-04:00,2026-03-31T22:25:34.4643584Z,APP_MOU,NCA_BUL,BallCalled,Undefined,NoShift,97.38247,67.09544,150.14008,34.98579,100.71764,-70.59759,141.87388,-47.61144,279.01459,-128.29525,317.24341,13.59211,253.08931,148.53755,"Puig, Ethan",813911,"Zamora, Joseph",1000128701,"Mummau, Jake",701417,"Xuereb, Jonathan",804436,"Soul, Nico",1000275968,"Evans, Charlie",813602,"Luft, Riley",1000102710,true
197d7303-619e-4e4b-bd3f-ff73083c07c6,38,93f9eee0-2d50-11f1-8dae-b3d58bc9f52b,8634830c-f449-4297-9c8e-ef80453b0a55,2026-03-31,18:25:52.40,2026-03-31,22:25:52.40,2026-03-31T18:25:52.4090000-04:00,2026-03-31T22:25:52.4090000Z,APP_MOU,NCA_BUL,StrikeSwinging,Undefined,NoShift,97.48237,68.57167,149.47668,34.24277,100.69742,-70.17845,141.77319,-47.0754,276.17683,-126.07828,316.39181,13.37632,255.4283,148.22425,"Puig, Ethan",813911,"Zamora, Joseph",1000128701,"Mummau, Jake",701417,"Xuereb, Jonathan",804436,"Soul, Nico",1000275968,"Evans, Charlie",813602,"Luft, Riley",1000102710,true
197d7303-619e-4e4b-bd3f-ff73083c07c6,39,a4ed8860-2d50-11f1-8dae-b3d58bc9f52b,fcefc36c-9b0d-451f-8a32-4c5b9d3ab0fe,2026-03-31,18:26:20.86,2026-03-31,22:26:20.86,2026-03-31T18:26:20.8623616-04:00,2026-03-31T22:26:20.8623616Z,APP_MOU,NCA_BUL,BallCalled,Undefined,NoShift,96.4182,65.78501,151.42005,31.73575,101.77702,-68.6504,144.10063,-45.72189,277.12717,-125.86983,315.58808,13.4127,251.94833,146.15206,"Puig, Ethan",813911,"Zamora, Joseph",1000128701,"Mummau, Jake",701417,"Xuereb, Jonathan",804436,"Soul, Nico",1000275968,"Evans, Charlie",813602,"Luft, Riley",1000102710,true
197d7303-619e-4e4b-bd3f-ff73083c07c6,40,ae477bf0-2d50-11f1-8dae-b3d58bc9f52b,6842e250-a4a2-4c87-86cd-82ac41370904,2026-03-31,18:26:36.62,2026-03-31,22:26:36.62,2026-03-31T18:26:36.6222848-04:00,2026-03-31T22:26:36.6222848Z,APP_MOU,NCA_BUL,BallCalled,Undefined,NoShift,96.18036,66.09467,150.77268,32.38732,102.85038,-70.59968,142.45737,-46.77609,274.76768,-125.68572,314.69829,14.32411,253.00729,147.22634,"Puig, Ethan",813911,"Zamora, Joseph",1000128701,"Mummau, Jake",701417,"Xuereb, Jonathan",804436,"Soul, Nico",1000275968,"Evans, Charlie",813602,"Luft, Riley",1000102710,true
197d7303-619e-4e4b-bd3f-ff73083c07c6,41,b8e58840-2d50-11f1-8dae-b3d58bc9f52b,1e6df8fc-05d7-4654-a38d-0e83d35f4f76,2026-03-31,18:26:54.40,2026-03-31,22:26:54.40,2026-03-31T18:26:54.4003584-04:00,2026-03-31T22:26:54.4003584Z,APP_MOU,NCA_BUL,InPlay,Single,NoShift,95.7656,66.22573,150.97595,32.82084,102.18918,-71.11794,142.82986,-46.23564,274.90395,-126.94366,313.94864,14.79422,251.88235,147.30237,"Puig, Ethan",813911,"Zamora, Joseph",1000128701,"Mummau, Jake",701417,"Xuereb, Jonathan",804436,"Soul, Nico",1000275968,"Evans, Charlie",813602,"Luft, Riley",1000102710,true
197d7303-619e-4e4b-bd3f-ff73083c07c6,42,cb38b1c0-2d50-11f1-8dae-b3d58bc9f52b,c057398d-6f9f-47e3-9efa-4264dec6b0d7,2026-03-31,18:27:25.12,2026-03-31,22:27:25.12,2026-03-31T18:27:25.1239424-04:00,2026-03-31T22:27:25.1239424Z,APP_MOU,NCA_BUL,StrikeCalled,Undefined,NoShift,66.58658,57.46632,139.67117,24.74564,83.01885,-58.35061,133.27193,-37.76221,278.2673,-126.17158,315.9949,13.6896,251.15088,146.70815,"Puig, Ethan",813911,"Zamora, Joseph",1000128701,"Mummau, Jake",701417,"Xuereb, Jonathan",804436,"Soul, Nico",1000275968,"Evans, Charlie",813602,"Luft, Riley",1000102710,true
197d7303-619e-4e4b-bd3f-ff73083c07c6,43,d4ce27b0-2d50-11f1-8dae-b3d58bc9f52b,af114fc3-d61b-4724-93ed-b617408a34b7,2026-03-31,18:27:41.19,2026-03-31,22:27:41.19,2026-03-31T18:27:41.1923456-04:00,2026-03-31T22:27:41.1923456Z,APP_MOU,NCA_BUL,BallCalled,Undefined,NoShift,66.93697,57.71955,139.4907,25.54949,83.91223,-59.78849,133.16993,-38.68997,270.74356,-123.3243,313.25605,14.15931,248.07778,144.23481,"Puig, Ethan",813911,"Zamora, Joseph",1000128701,"Mummau, Jake",701417,"Xuereb, Jonathan",804436,"Soul, Nico",1000275968,"Evans, Charlie",813602,"Luft, Riley",1000102710,true
197d7303-619e-4e4b-bd3f-ff73083c07c6,44,ddacf7d0-2d50-11f1-8dae-b3d58bc9f52b,c20cf525-e7ce-40f7-8a91-6e0571064e65,2026-03-31,18:27:56.03,2026-03-31,22:27:56.03,2026-03-31T18:27:56.0320000-04:00,2026-03-31T22:27:56.0320000Z,APP_MOU,NCA_BUL,FoulBallNotFieldable,Undefined,NoShift,66.7381,57.87393,141.08569,26.90583,84.33837,-60.5712,135.06752,-39.07568,276.63542,-126.10464,314.04041,12.65434,248.67569,145.54272,"Puig, Ethan",813911,"Zamora, Joseph",1000128701,"Mummau, Jake",701417,"Xuereb, Jonathan",804436,"Soul, Nico",1000275968,"Evans, Charlie",813602,"Luft, Riley",1000102710,true
197d7303-619e-4e4b-bd3f-ff73083c07c6,45,e8a7f130-2d50-11f1-8dae-b3d58bc9f52b,06ab2f25-ad41-43da-b38f-507d94b82855,2026-03-31,18:28:14.51,2026-03-31,22:28:14.51,2026-03-31T18:28:14.5150976-04:00,2026-03-31T22:28:14.5150976Z,APP_MOU,NCA_BUL,BallCalled,Undefined,NoShift,65.1512,57.97962,140.62965,26.11839,84.37258,-60.57837,133.72993,-38.99808,278.82279,-124.86227,312.48068,13.00815,249.91312,145.06821,"Puig, Ethan",813911,"Zamora, Joseph",1000128701,"Mummau, Jake",701417,"Xuereb, Jonathan",804436,"Soul, Nico",1000275968,"Evans, Charlie",813602,"Luft, Riley",1000102710,true
197d7303-619e-4e4b-bd3f-ff73083c07c6,46,f1d6b610-2d50-11f1-8dae-b3d58bc9f52b,4f837af4-964e-4aad-9f52-faf91aa087cb,2026-03-31,18:28:29.88,2026-03-31,22:28:29.88,2026-03-31T18:28:29.8848256-04:00,2026-03-31T22:28:29.8848256Z,APP_MOU,NCA_BUL,FoulBallNotFieldable,Undefined,NoShift,67.14061,58.00077,139.77163,26.0926,83.85638,-60.68858,134.38063,-38.24694,276.79561,-125.4214,315.73043,12.85915,250.44336,146.23308,"Puig, Ethan",813911,"Zamora, Joseph",1000128701,"Mummau, Jake",701417,"Xuereb, Jonathan",804436,"Soul, Nico",1000275968,"Evans, Charlie",813602,"Luft, Riley",1000102710,true
197d7303-619e-4e4b-bd3f-ff73083c07c6,47,07ec65d0-2d51-11f1-8dae-b3d58bc9f52b,50a72bd5-d7a5-470c-a34e-7c251c1b613a,2026-03-31,18:29:07.00,2026-03-31,22:29:07.00,2026-03-31T18:29:07.0043648-04:00,2026-03-31T22:29:07.0043648Z,APP_MOU,NCA_BUL,FoulBallNotFieldable,Undefined,NoShift,66.9746,57.49997,140.14394,25.829,85.43625,-60.55219,135.04351,-39.61394,277.33721,-126.51975,309.97664,12.53542,253.56909,147.15042,"Puig, Ethan",813911,"Zamora, Joseph",1000128701,"Mummau, Jake",701417,"Xuereb, Jonathan",804436,"Soul, Nico",1000275968,"Evans, Charlie",813602,"Luft, Riley",1000102710,true
197d7303-619e-4e4b-bd3f-ff73083c07c6,48,13651ab0-2d51-11f1-8dae-b3d58bc9f52b,78d49d5f-4a17-477c-93bb-ec226efe499e,2026-03-31,18:29:26.25,2026-03-31,22:29:26.25,2026-03-31T18:29:26.2568448-04:00,2026-03-31T22:29:26.2568448Z,APP_MOU,NCA_BUL,StrikeCalled,Undefined,NoShift,66.70476,58.23837,140.68644,26.05898,84.60712,-60.53574,134.756,-38.64595,273.52754,-124.09595,316.4963,13.05674,251.26174,146.87598,"Puig, Ethan",813911,"Zamora, Joseph",1000128701,"Mummau, Jake",701417,"Xuereb, Jonathan",804436,"Soul, Nico",1000275968,"Evans, Charlie",813602,"Luft, Riley",1000102710,true
197d7303-619e-4e4b-bd3f-ff73083c07c6,49,26b43060-2d51-11f1-8dae-b3d58bc9f52b,2919863a-1f8b-4b4b-abb1-ddb90338e0ca,2026-03-31,18:29:58.56,2026-03-31,22:29:58.56,2026-03-31T18:29:58.5694208-04:00,2026-03-31T22:29:58.5694208Z,APP_MOU,NCA_BUL,StrikeCalled,Undefined,NoShift,67.42231,57.95609,145.1816,26.99009,98.13764,-69.19609,143.14686,-45.97813,275.29794,-125.93785,315.42684,13.73566,247.5147,144.01641,"Puig, Ethan",813911,"Zamora, Joseph",1000128701,"Mummau, Jake",701417,"Xuereb, Jonathan",804436,"Soul, Nico",1000275968,"Evans, Charlie",813602,"Luft, Riley",1000102710,true
197d7303-619e-4e4b-bd3f-ff73083c07c6,50,2fa2b7f0-2d51-11f1-8dae-b3d58bc9f52b,cfdc7f3a-1e26-4551-81cc-c46c5b72e0fe,2026-03-31,18:30:13.63,2026-03-31,22:30:13.63,2026-03-31T18:30:13.6338944-04:00,2026-03-31T22:30:13.6338944Z,APP_MOU,NCA_BUL,BallCalled,Undefined,NoShift,66.32829,58.17267,144.4053,27.84825,98.73268,-69.57453,143.49744,-46.28376,280.92485,-127.54976,314.20966,13.11177,250.56816,145.61942,"Puig, Ethan",813911,"Zamora, Joseph",1000128701,"Mummau, Jake",701417,"Xuereb, Jonathan",804436,"Soul, Nico",1000275968,"Evans, Charlie",813602,"Luft, Riley",1000102710,true
197d7303-619e-4e4b-bd3f-ff73083c07c6,51,3908b970-2d51-11f1-8dae-b3d58bc9f52b,781332e3-daaa-4d3d-834e-cbd65fc1a3b1,2026-03-31,18:30:29.41,2026-03-31,22:30:29.41,2026-03-31T18:30:29.4167040-04:00,2026-03-31T22:30:29.4167040Z,APP_MOU,NCA_BUL,BallCalled,Undefined,NoShift,66.61442,57.22692,144.59333,28.13884,98.55317,-69.16803,142.5434,-46.15472,273.96695,-124.16081,314.20409,12.19153,253.17064,148.85391,"Puig, Ethan",813911,"Zamora, Joseph",1000128701,"Mummau, Jake",701417,"Xuereb, Jonathan",804436,"Soul, Nico",1000275968,"Evans, Charlie",813602,"Luft, Riley",1000102710,true
197d7303-619e-4e4b-bd3f-ff73083c07c6,52,43e55560-2d51-11f1-8dae-b3d58bc9f52b,0d8ddcbb-5539-47fa-871b-c6dd7e1fdc2f,2026-03-31,18:30:47.51,2026-03-31,22:30:47.51,2026-03-31T18:30:47.5148288-04:00,2026-03-31T22:30:47.5148288Z,APP_MOU,NCA_BUL,BallCalled,Undefined,NoShift,66.78382,57.80532,145.49782,27.91895,98.30899,-68.62357,141.81591,-46.12962,276.83664,-125.28198,313.41347,14.00288,252.72902,148.45353,"Puig, Ethan",813911,"Zamora, Joseph",1000128701,"Mummau, Jake",701417,"Xuereb, Jonathan",804436,"Soul, Nico",1000275968,"Evans, Charlie",813602,"Luft, Riley",1000102710,true
197d7303-619e-4e4b-bd3f-ff73083c07c6,53,4d9b99c0-2d51-11f1-8dae-b3d58bc9f52b,c4db7024-73d0-4fea-8d43-5b672dbe3f68,2026-03-31,18:31:03.85,2026-03-31,22:31:03.85,2026-03-31T18:31:03.8502912-04:00,2026-03-31T22:31:03.8502912Z,APP_MOU,NCA_BUL,BallCalled,Undefined,NoShift,66.74055,57.97842,145.75603,27.80738,98.1629,-69.89607,143.20752,-46.6205,274.83418,-124.3973,312.01786,13.47298,253.40769,150.23571,"Puig, Ethan",813911,"Zamora, Joseph",1000128701,"Mummau, Jake",701417,"Xuereb, Jonathan",804436,"Soul, Nico",1000275968,"Evans, Charlie",813602,"Luft, Riley",1000102710,true
197d7303-619e-4e4b-bd3f-ff73083c07c6,54,c36ae700-2d51-11f1-8dae-b3d58bc9f52b,5995f5da-fb2b-4225-b185-a245f6931b44,2026-03-31,18:34:21.51,2026-03-31,22:34:21.51,2026-03-31T18:34:21.5147008-04:00,2026-03-31T22:34:21.5147008Z,APP_MOU,NCA_BUL,BallCalled,Undefined,NoShift,96.81879,58.51858,150.38041,10.86331,75.78475,-55.74844,142.79354,-45.62487,275.5557,-124.63953,310.31841,12.49195,255.19179,146.08003,"Puig, Ethan",813911,"Zamora, Joseph",1000128701,"Mummau, Jake",701417,"Xuereb, Jonathan",804436,"Soul, Nico",1000275968,"Evans, Charlie",813602,"Luft, Riley",1000102710,true
197d7303-619e-4e4b-bd3f-ff73083c07c6,55,cd084c30-2d51-11f1-8dae-b3d58bc9f52b,bf28d1ef-baa8-458f-a8a5-f512657565d8,2026-03-31,18:34:37.58,2026-03-31,22:34:37.58,2026-03-31T18:34:37.5837184-04:00,2026-03-31T22:34:37.5837184Z,APP_MOU,NCA_BUL,BallCalled,Undefined,NoShift,96.37584,60.51267,150.86815,14.20749,77.21078,-57.6874,142.65346,-45.64874,274.39396,-123.68428,314.37721,13.44444,252.50307,145.39133,"Puig, Ethan",813911,"Zamora, Joseph",1000128701,"Mummau, Jake",701417,"Xuereb, Jonathan",804436,"Soul, Nico",1000275968,"Evans, Charlie",813602,"Luft, Riley",1000102710,true
197d7303-619e-4e4b-bd3f-ff73083c07c6,56,d77c3b40-2d51-11f1-8dae-b3d58bc9f52b,f9b237fe-e5e8-47e7-8bbd-9944d3328fa7,2026-03-31,18:34:55.17,2026-03-31,22:34:55.17,2026-03-31T18:34:55.1754240-04:00,2026-03-31T22:34:55.1754240Z,APP_MOU,NCA_BUL,BallCalled,Undefined,NoShift,99.69243,59.87166,151.76014,11.94965,79.80567,-59.05631,141.79134,-46.27952,281.08606,-128.40531,311.52099,12.36015,254.33253,147.53787,"Puig, Ethan",813911,"Zamora, Joseph",1000128701,"Mummau, Jake",701417,"Xuereb, Jonathan",804436,"Soul, Nico",1000275968,"Evans, Charlie",813602,"Luft, Riley",1000102710,true
197d7303-619e-4e4b-bd3f-ff73083c07c6,57,e201dd90-2d51-11f1-8dae-b3d58bc9f52b,fe32805b-ca3e-4da2-92ea-3bb085c113f4,2026-03-31,18:35:12.88,2026-03-31,22:35:12.88,2026-03-31T18:35:12.8864256-04:00,2026-03-31T22:35:12.8864256Z,APP_MOU,NCA_BUL,BallCalled,Undefined,NoShift,101.44489,55.14389,151.51092,14.30245,80.6714,-59.29834,143.12218,-46.80531,275.86475,-125.20703,313.90691,13.64108,256.07756,148.65289,"Puig, Ethan",813911,"Zamora, Joseph",1000128701,"Mummau, Jake",701417,"Xuereb, Jonathan",804436,"Soul, Nico",1000275968,"Evans, Charlie",813602,"Luft, Riley",1000102710,true
197d7303-619e-4e4b-bd3f-ff73083c07c6,58,f36ec5c0-2d51-11f1-8dae-b3d58bc9f52b,71081ee4-db69-4227-b360-a3fb7dd011c2,2026-03-31,18:35:42.15,2026-03-31,22:35:42.15,2026-03-31T18:35:42.1539328-04:00,2026-03-31T22:35:42.1539328Z,APP_MOU,NCA_BUL,BallCalled,Undefined,NoShift,93.28129,73.50175,143.6715,43.73683,96.77661,-52.2131,149.36666,-26.26955,249.20009,-144.1619,322.69871,-19.22744,279.13157,133.34845,"Puig, Ethan",813911,"Zamora, Joseph",1000128701,"Mummau, Jake",701417,"Xuereb, Jonathan",804436,"Soul, Nico",1000275968,"Evans, Charlie",813602,"Luft, Riley",1000102710,true
197d7303-619e-4e4b-bd3f-ff73083c07c6,59,fe2f2720-2d51-11f1-8dae-b3d58bc9f52b,7266f49a-ada0-41b6-a078-16dd78fd2484,2026-03-31,18:36:00.07,2026-03-31,22:36:00.07,2026-03-31T18:36:00.0793600-04:00,2026-03-31T22:36:00.0793600Z,APP_MOU,NCA_BUL,StrikeCalled,Undefined,NoShift,92.69126,73.47931,145.72174,44.28361,97.1171,-51.79305,150.61011,-26.06018,248.63235,-143.92344,322.8896,-19.01247,281.45861,136.2197,"Puig, Ethan",813911,"Zamora, Joseph",1000128701,"Mummau, Jake",701417,"Xuereb, Jonathan",804436,"Soul, Nico",1000275968,"Evans, Charlie",813602,"Luft, Riley",1000102710,true
197d7303-619e-4e4b-bd3f-ff73083c07c6,60,07d90f70-2d52-11f1-8dae-b3d58bc9f52b,b6b5a0e5-f8b3-4cc9-ab27-62a151317399,2026-03-31,18:36:16.38,2026-03-31,22:36:16.38,2026-03-31T18:36:16.3845632-04:00,2026-03-31T22:36:16.3845632Z,APP_MOU,NCA_BUL,InPlay,HomeRun,NoShift,93.38047,74.17582,169.20927,53.52557,96.10386,-51.45701,151.67019,-25.50768,246.29174,-143.00644,318.56275,-19.53747,282.22276,136.30635,"Puig, Ethan",813911,"Zamora, Joseph",1000128701,"Mummau, Jake",701417,"Xuereb, Jonathan",804436,"Soul, Nico",1000275968,"Evans, Charlie",813602,"Luft, Riley",1000102710,true
197d7303-619e-4e4b-bd3f-ff73083c07c6,61,291cd680-2d52-11f1-8dae-b3d58bc9f52b,789cdb2a-4a38-4b87-8f27-a99b48126cee,2026-03-31,18:37:12.04,2026-03-31,22:37:12.04,2026-03-31T18:37:12.0496640-04:00,2026-03-31T22:37:12.0496640Z,APP_MOU,NCA_BUL,StrikeCalled,Undefined,NoShift,97.43912,64.25838,165.05753,53.20007,96.54684,-66.25052,153.49901,-15.06784,247.33273,-143.40887,323.4483,-21.21935,283.2967,136.94959,"Puig, Ethan",813911,"Zamora, Joseph",1000128701,"Mummau, Jake",701417,"Xuereb, Jonathan",804436,"Soul, Nico",1000275968,"Evans, Charlie",813602,"Luft, Riley",1000102710,true
197d7303-619e-4e4b-bd3f-ff73083c07c6,62,3844fed0-2d52-11f1-8dae-b3d58bc9f52b,73a41e01-9a04-446f-a052-689b09adad69,2026-03-31,18:37:37.52,2026-03-31,22:37:37.52,2026-03-31T18:37:37.5220224-04:00,2026-03-31T22:37:37.5220224Z,APP_MOU,NCA_BUL,BallCalled,Undefined,NoShift,97.00243,63.22083,165.72332,53.37306,97.32673,-66.73226,153.34625,-14.58558,246.70292,-143.62744,322.39322,-21.54919,283.20696,137.49798,"Puig, Ethan",813911,"Zamora, Joseph",1000128701,"Mummau, Jake",701417,"Xuereb, Jonathan",804436,"Soul, Nico",1000275968,"Evans, Charlie",813602,"Luft, Riley",1000102710,true
197d7303-619e-4e4b-bd3f-ff73083c07c6,63,41dd5af0-2d52-11f1-8dae-b3d58bc9f52b,419fd8cf-c4d8-4c85-8b9d-cbea87cee3cf,2026-03-31,18:37:53.60,2026-03-31,22:37:53.60,2026-03-31T18:37:53.6028672-04:00,2026-03-31T22:37:53.6028672Z,APP_MOU,NCA_BUL,StrikeCalled,Undefined,NoShift,96.73332,63.09557,166.81907,53.45458,96.68183,-67.34507,153.3998,-15.80745,246.91339,-143.41908,323.93987,-21.22934,284.4214,138.99833,"Puig, Ethan",813911,"Zamora, Joseph",1000128701,"Mummau, Jake",701417,"Xuereb, Jonathan",804436,"Soul, Nico",1000275968,"Evans, Charlie",813602,"Luft, Riley",1000102710,true
197d7303-619e-4e4b-bd3f-ff73083c07c6,64,4b5b9f60-2d52-11f1-8dae-b3d58bc9f52b,e92f9557-75b3-49f9-a11d-f4d3abb2cb9b,2026-03-31,18:38:09.61,2026-03-31,22:38:09.61,2026-03-31T18:38:09.6153600-04:00,2026-03-31T22:38:09.6153600Z,APP_MOU,NCA_BUL,BallCalled,Undefined,NoShift,96.95921,63.8066,167.28991,53.3223,96.4735,-67.89406,154.35774,-15.43989,245.11907,-142.63639,320.28979,-20.62719,284.4135,139.65394,"Puig, Ethan",813911,"Zamora, Joseph",1000128701,"Mummau, Jake",701417,"Xuereb, Jonathan",804436,"Soul, Nico",1000275968,"Evans, Charlie",813602,"Luft, Riley",1000102710,true
197d7303-619e-4e4b-bd3f-ff73083c07c6,65,553ac880-2d52-11f1-8dae-b3d58bc9f52b,02d871c7-ad78-4011-b9ca-7cebd598f8d4,2026-03-31,18:38:26.11,2026-03-31,22:38:26.11,2026-03-31T18:38:26.1105152-04:00,2026-03-31T22:38:26.1105152Z,APP_MOU,NCA_BUL,InPlay,Single,NoShift,97.17826,65.97246,165.26458,53.82828,95.03287,-66.8543,153.1533,-15.30436,246.76009,-143.70866,319.96447,-20.35891,281.92405,137.84587,"Puig, Ethan",813911,"Zamora, Joseph",1000128701,"Mummau, Jake",701417,"Xuereb, Jonathan",804436,"Soul, Nico",1000275968,"Evans, Charlie",813602,"Luft, Riley",1000102710,true
197d7303-619e-4e4b-bd3f-ff73083c07c6,66,6e79cbc0-2d52-11f1-8dae-b3d58bc9f52b,633752d2-235c-49f8-954f-bbdaf76c0d05,2026-03-31,18:39:08.55,2026-03-31,22:39:08.55,2026-03-31T18:39:08.5502976-04:00,2026-03-31T22:39:08.5502976Z,APP_MOU,NCA_BUL,BallCalled,Undefined,NoShift,64.98157,58.45774,145.27134,30.29714,98.77496,-69.40726,143.06744,-44.4668,275.76687,-125.27909,317.63514,14.19874,253.83289,146.68879,"Puig, Ethan",813911,"Zamora, Joseph",1000128701,"Mummau, Jake",701417,"Xuereb, Jonathan",804436,"Soul, Nico",1000275968,"Evans, Charlie",813602,"Luft, Riley",1000102710,true
197d7303-619e-4e4b-bd3f-ff73083c07c6,67,789f25a0-2d52-11f1-8dae-b3d58bc9f52b,e47f455e-5f6d-4998-a193-a10efb95f7f5,2026-03-31,18:39:25.55,2026-03-31,22:39:25.55,2026-03-31T18:39:25.5555584-04:00,2026-03-31T22:39:25.5555584Z,APP_MOU,NCA_BUL,FoulBallNotFieldable,Undefined,NoShift,65.86234,58.3901,147.34328,30.7866,99.43839,-69.40051,144.12768,-45.35579,274.274,-124.01533,316.02545,12.36069,250.14241,144.83388,"Puig, Ethan",813911,"Zamora, Joseph",1000128701,"Mummau, Jake",701417,"Xuereb, Jonathan",804436,"Soul, Nico",1000275968,"Evans, Charlie",813602,"Luft, Riley",1000102710,true
197d7303-619e-4e4b-bd3f-ff73083c07c6,68,859b1f20-2d52-11f1-8dae-b3d58bc9f52b,6d5f16af-1bc6-4e38-b37c-0de9416b45fb,2026-03-31,18:39:47.31,2026-03-31,22:39:47.31,2026-03-31T18:39:47.3192448-04:00,2026-03-31T22:39:47.3192448Z,APP_MOU,NCA_BUL,BallCalled,Undefined,NoShift,65.73062,58.63664,150.54386,30.81677,98.53268,-69.80184,143.7791,-45.0059,280.7031,-126.86811,319.82232,14.14048,249.39071,146.05658,"Puig, Ethan",813911,"Zamora, Joseph",1000128701,"Mummau, Jake",701417,"Xuereb, Jonathan",804436,"Soul, Nico",1000275968,"Evans, Charlie",813602,"Luft, Riley",1000102710,true
197d7303-619e-4e4b-bd3f-ff73083c07c6,69,9c81da80-2d52-11f1-8dae-b3d58bc9f52b,4b0ffeb2-e7ca-4eb8-b415-0bdf5ce69ab6,2026-03-31,18:40:25.65,2026-03-31,22:40:25.65,2026-03-31T18:40:25.6586752-04:00,2026-03-31T22:40:25.6586752Z,APP_MOU,NCA_BUL,StrikeCalled,Undefined,NoShift,65.72278,58.75276,150.2932,31.24508,98.42839,-68.93831,143.62367,-45.79166,277.11247,-126.02702,315.14693,13.46144,252.66825,147.2724,"Puig, Ethan",813911,"Zamora, Joseph",1000128701,"Mummau, Jake",701417,"Xuereb, Jonathan",804436,"Soul, Nico",1000275968,"Evans, Charlie",813602,"Luft, Riley",1000102710,true
197d7303-619e-4e4b-bd3f-ff73083c07c6,70,a79230a0-2d52-11f1-8dae-b3d58bc9f52b,e3994638-913f-491d-960d-504a1ad3126b,2026-03-31,18:40:44.32,2026-03-31,22:40:44.32,2026-03-31T18:40:44.3270144-04:00,2026-03-31T22:40:44.3270144Z,APP_MOU,NCA_BUL,FoulBallNotFieldable,Undefined,NoShift,66.5852,58.30888,150.54244,31.07352,98.55345,-70.26694,143.15288,-45.6813,275.49356,-124.87545,312.77206,13.48924,251.19802,147.04247,"Puig, Ethan",813911,"Zamora, Joseph",1000128701,"Mummau, Jake",701417,"Xuereb, Jonathan",804436,"Soul, Nico",1000275968,"Evans, Charlie",813602,"Luft, Riley",1000102710,true
197d7303-619e-4e4b-bd3f-ff73083c07c6,71,b9494130-2d52-11f1-8dae-b3d58bc9f52b,9e99e84a-c2cf-467c-a9d4-22bad2976aaf,2026-03-31,18:41:14.07,2026-03-31,22:41:14.07,2026-03-31T18:41:14.0711936-04:00,2026-03-31T22:41:14.0711936Z,APP_MOU,NCA_BUL,FoulBallNotFieldable,Undefined,NoShift,66.91061,58.21216,149.09805,31.35309,98.10596,-70.06583,143.32786,-44.86562,275.94407,-124.22188,316.07458,13.24946,249.98806,146.09217,"Puig, Ethan",813911,"Zamora, Joseph",1000128701,"Mummau, Jake",701417,"Xuereb, Jonathan",804436,"Soul, Nico",1000275968,"Evans, Charlie",813602,"Luft, Riley",1000102710,true
197d7303-619e-4e4b-bd3f-ff73083c07c6,72,c643db20-2d52-11f1-8dae-b3d58bc9f52b,ad0b4e19-082d-40fe-baba-83cb7ab8b2dc,2026-03-31,18:41:35.74,2026-03-31,22:41:35.74,2026-03-31T18:41:35.7489664-04:00,2026-03-31T22:41:35.7489664Z,APP_MOU,NCA_BUL,FoulBallNotFieldable,Undefined,NoShift,65.62222,58.12999,149.85623,31.17518,99.459,-71.45893,144.03794,-45.94798,276.91273,-126.32773,314.62851,13.81544,254.27895,146.58276,"Puig, Ethan",813911,"Zamora, Joseph",1000128701,"Mummau, Jake",701417,"Xuereb, Jonathan",804436,"Soul, Nico",1000275968,"Evans, Charlie",813602,"Luft, Riley",1000102710,true
197d7303-619e-4e4b-bd3f-ff73083c07c6,73,d3f14a50-2d52-11f1-8dae-b3d58bc9f52b,c2060c5e-ce32-4f5d-867e-144bd02664b2,2026-03-31,18:41:58.69,2026-03-31,22:41:58.69,2026-03-31T18:41:58.6977280-04:00,2026-03-31T22:41:58.6977280Z,APP_MOU,NCA_BUL,BallCalled,Undefined,NoShift,66.47029,58.27067,149.82742,30.00885,98.11915,-70.92378,144.1387,-45.91233,275.73458,-124.48455,315.42858,13.99271,254.01442,147.52338,"Puig, Ethan",813911,"Zamora, Joseph",1000128701,"Mummau, Jake",701417,"Xuereb, Jonathan",804436,"Soul, Nico",1000275968,"Evans, Charlie",813602,"Luft, Riley",1000102710,true
197d7303-619e-4e4b-bd3f-ff73083c07c6,74,e833e7c0-2d52-11f1-8dae-b3d58bc9f52b,b54f011f-ef3d-423a-ab00-1b2e94fdb6cd,2026-03-31,18:42:32.66,2026-03-31,22:42:32.66,2026-03-31T18:42:32.6640640-04:00,2026-03-31T22:42:32.6640640Z,APP_MOU,NCA_BUL,BallCalled,Undefined,NoShift,98.05298,63.85417,146.56825,26.30031,96.92738,-70.61482,143.02178,-46.20257,271.76494,-124.68972,312.18259,13.6173,253.01756,145.5233,"Puig, Ethan",813911,"Zamora, Joseph",1000128701,"Mummau, Jake",701417,"Xuereb, Jonathan",804436,"Soul, Nico",1000275968,"Evans, Charlie",813602,"Luft, Riley",1000102710,true
197d7303-619e-4e4b-bd3f-ff73083c07c6,75,24aeffa0-2d53-11f1-8dae-b3d58bc9f52b,3e8650a8-bd03-45f0-b025-85bde35a96e8,2026-03-31,18:44:14.23,2026-03-31,22:44:14.23,2026-03-31T18:44:14.2388224-04:00,2026-03-31T22:44:14.2388224Z,APP_MOU,NCA_BUL,StrikeCalled,Undefined,NoShift,96.79656,62.34934,145.90384,24.18444,100.32499,-69.90789,143.06204,-46.05556,274.73642,-124.82278,310.84194,13.94529,255.60923,147.69086,"Puig, Ethan",813911,"Zamora, Joseph",1000128701,"Mummau, Jake",701417,"Xuereb, Jonathan",804436,"Soul, Nico",1000275968,"Evans, Charlie",813602,"Luft, Riley",1000102710,true
197d7303-619e-4e4b-bd3f-ff73083c07c6,76,2ecd7bb0-2d53-11f1-8dae-b3d58bc9f52b,1a09b16c-786e-47a0-a015-930bd6c773c1,2026-03-31,18:44:31.19,2026-03-31,22:44:31.19,2026-03-31T18:44:31.1917568-04:00,2026-03-31T22:44:31.1917568Z,APP_MOU,NCA_BUL,BallCalled,Undefined,NoShift,96.86383,63.75383,144.72852,23.9051,100.53113,-71.21366,143.39808,-45.85849,273.78948,-124.20897,314.12197,13.02902,255.38535,148.13462,"Puig, Ethan",813911,"Zamora, Joseph",1000128701,"Mummau, Jake",701417,"Xuereb, Jonathan",804436,"Soul, Nico",1000275968,"Evans, Charlie",813602,"Luft, Riley",1000102710,true
197d7303-619e-4e4b-bd3f-ff73083c07c6,77,39e090f0-2d53-11f1-8dae-b3d58bc9f52b,70381796-81fb-46d1-bc31-0f28c1a40019,2026-03-31,18:44:49.78,2026-03-31,22:44:49.78,2026-03-31T18:44:49.7856000-04:00,2026-03-31T22:44:49.7856000Z,APP_MOU,NCA_BUL,InPlay,Out,NoShift,96.90156,62.07076,145.45079,24.17105,99.87908,-71.15411,143.42131,-45.37675,275.58361,-124.61451,310.54957,13.49033,254.16115,146.13633,"Puig, Ethan",813911,"Zamora, Joseph",1000128701,"Mummau, Jake",701417,"Xuereb, Jonathan",804436,"Soul, Nico",1000275968,"Evans, Charlie",813602,"Luft, Riley",1000102710,true
197d7303-619e-4e4b-bd3f-ff73083c07c6,78,861b0810-2d53-11f1-8dae-b3d58bc9f52b,85fb44f1-e84d-45c2-8ad1-c7279d8f0d9e,2026-03-31,18:46:57.68,2026-03-31,22:46:57.68,2026-03-31T18:46:57.6883712-04:00,2026-03-31T22:46:57.6883712Z,NCA_BUL,APP_MOU,InPlay,Out,NoShift,91.84883,60.55784,145.32942,31.33723,88.13361,-69.42973,131.59215,-56.38018,267.913,-129.32839,300.21887,7.58383,258.89953,139.13491,"Gillen, Patrick",804322,"Swangim, Zeb",1000239439,"Parks, Tyler",823708,"Lowe, Logan",1000448251,"Johnson, Blaize",10082492,"Pereira, Jake",10090799,"Minarik, Jake",1000414115,true
197d7303-619e-4e4b-bd3f-ff73083c07c6,79,99c4e7f0-2d53-11f1-8dae-b3d58bc9f52b,2e5363ba-20e1-4bca-8863-762c52a7aa2a,2026-03-31,18:47:30.64,2026-03-31,22:47:30.64,2026-03-31T18:47:30.6469888-04:00,2026-03-31T22:47:30.6469888Z,NCA_BUL,APP_MOU,BallCalled,Undefined,NoShift,92.30025,77.7855,134.25343,57.35242,79.32564,-43.04017,149.16226,-22.23827,263.18651,-123.53341,321.67045,0.32272,275.29447,146.09348,"Gillen, Patrick",804322,"Swangim, Zeb",1000239439,"Parks, Tyler",823708,"Lowe, Logan",1000448251,"Johnson, Blaize",10082492,"Pereira, Jake",10090799,"Minarik, Jake",1000414115,true
197d7303-619e-4e4b-bd3f-ff73083c07c6,80,a2844930-2d53-11f1-8dae-b3d58bc9f52b,89a1632f-74a3-4eac-9d6e-137aaa66dc4e,2026-03-31,18:47:45.27,2026-03-31,22:47:45.27,2026-03-31T18:47:45.2715008-04:00,2026-03-31T22:47:45.2715008Z,NCA_BUL,APP_MOU,BallCalled,Undefined,NoShift,91.81253,76.33948,134.24966,57.69013,85.96709,-48.71476,150.95291,-18.65159,259.01426,-122.16374,316.24108,0.19362,272.30447,146.74911,"Gillen, Patrick",804322,"Swangim, Zeb",1000239439,"Parks, Tyler",823708,"Lowe, Logan",1000448251,"Johnson, Blaize",10082492,"Pereira, Jake",10090799,"Minarik, Jake",1000414115,true
197d7303-619e-4e4b-bd3f-ff73083c07c6,81,af0fa690-2d53-11f1-8dae-b3d58bc9f52b,0677953e-46b5-46a8-a860-909c8e3be2e3,2026-03-31,18:48:06.40,2026-03-31,22:48:06.40,2026-03-31T18:48:06.4044544-04:00,2026-03-31T22:48:06.4044544Z,NCA_BUL,APP_MOU,BallCalled,Undefined,NoShift,91.67191,76.18014,138.35594,60.88216,86.55986,-51.72464,150.95691,-14.80116,261.81897,-123.88638,319.32937,-0.52338,273.75036,147.48059,"Gillen, Patrick",804322,"Swangim, Zeb",1000239439,"Parks, Tyler",823708,"Lowe, Logan",1000448251,"Johnson, Blaize",10082492,"Pereira, Jake",10090799,"Minarik, Jake",1000414115,true
197d7303-619e-4e4b-bd3f-ff73083c07c6,82,b9d67090-2d53-11f1-8dae-b3d58bc9f52b,d4848670-6696-49e3-bd74-568095e12e1e,2026-03-31,18:48:24.45,2026-03-31,22:48:24.45,2026-03-31T18:48:24.4594688-04:00,2026-03-31T22:48:24.4594688Z,NCA_BUL,APP_MOU,StrikeCalled,Undefined,NoShift,90.92728,76.13106,137.03099,60.46061,87.14787,-49.9355,151.39813,-12.89957,259.69306,-122.89709,321.56317,0.25648,266.63962,144.80301,"Gillen, Patrick",804322,"Swangim, Zeb",1000239439,"Parks, Tyler",823708,"Lowe, Logan",1000448251,"Johnson, Blaize",10082492,"Pereira, Jake",10090799,"Minarik, Jake",1000414115,true
197d7303-619e-4e4b-bd3f-ff73083c07c6,83,c33b87b0-2d53-11f1-8dae-b3d58bc9f52b,6ccd396e-27da-4fba-ad47-976c9c329438,2026-03-31,18:48:40.21,2026-03-31,22:48:40.21,2026-03-31T18:48:40.2199040-04:00,2026-03-31T22:48:40.2199040Z,NCA_BUL,APP_MOU,StrikeCalled,Undefined,NoShift,90.57011,75.81662,136.4632,61.3947,86.72656,-51.36269,152.70793,-11.62238,259.15984,-122.03162,320.58224,-0.62571,271.3946,146.59533,"Gillen, Patrick",804322,"Swangim, Zeb",1000239439,"Parks, Tyler",823708,"Lowe, Logan",1000448251,"Johnson, Blaize",10082492,"Pereira, Jake",10090799,"Minarik, Jake",1000414115,true
197d7303-619e-4e4b-bd3f-ff73083c07c6,84,cda341c0-2d53-11f1-8dae-b3d58bc9f52b,5a10ebe3-2247-4226-a9ae-5cfebfe9e9fd,2026-03-31,18:48:57.70,2026-03-31,22:48:57.70,2026-03-31T18:48:57.7078272-04:00,2026-03-31T22:48:57.7078272Z,NCA_BUL,APP_MOU,InPlay,Double,NoShift,90.48227,75.54469,136.61114,62.39046,94.89777,-52.27969,152.2426,-11.52426,240.84423,-136.88962,314.34736,-6.92201,275.52415,141.72319,"Gillen, Patrick",804322,"Swangim, Zeb",1000239439,"Parks, Tyler",823708,"Lowe, Logan",1000448251,"Johnson, Blaize",10082492,"Pereira, Jake",10090799,"Minarik, Jake",1000414115,true
197d7303-619e-4e4b-bd3f-ff73083c07c6,85,eaf227f0-2d53-11f1-8dae-b3d58bc9f52b,1ee0effa-7d64-4c33-be80-a970cb75be69,2026-03-31,18:49:46.87,2026-03-31,22:49:46.87,2026-03-31T18:49:46.8738560-04:00,2026-03-31T22:49:46.8738560Z,NCA_BUL,APP_MOU,BallCalled,Undefined,NoShift,87.95349,71.84814,133.24569,57.38788,71.90462,-45.42983,146.05495,-10.5255,260.38193,-134.91132,330.72661,-4.88614,271.09008,140.10269,"Gillen, Patrick",804322,"Swangim, Zeb",1000239439,"Parks, Tyler",823708,"Lowe, Logan",1000448251,"Johnson, Blaize",10082492,"Pereira, Jake",10090799,"Minarik, Jake",1000414115,true
197d7303-619e-4e4b-bd3f-ff73083c07c6,86,fa8965c0-2d53-11f1-8dae-b3d58bc9f52b,fd59a83d-535a-4361-9bce-84d8203ef8ef,2026-03-31,18:50:13.01,2026-03-31,22:50:13.01,2026-03-31T18:50:13.0189824-04:00,2026-03-31T22:50:13.0189824Z,NCA_BUL,APP_MOU,BallCalled,Undefined,NoShift,90.24687,74.3767,132.4927,60.37493,74.19117,-49.64298,146.90405,-6.51604,260.32397,-130.38534,340.21071,-3.46833,273.16782,140.58177,"Gillen, Patrick",804322,"Swangim, Zeb",1000239439,"Parks, Tyler",823708,"Lowe, Logan",1000448251,"Johnson, Blaize",10082492,"Pereira, Jake",10090799,"Minarik, Jake",1000414115,true
197d7303-619e-4e4b-bd3f-ff73083c07c6,87,05773fc0-2d54-11f1-8dae-b3d58bc9f52b,dd84b5c4-4f40-47ec-a402-adaa567ebcbf,2026-03-31,18:50:31.35,2026-03-31,22:50:31.35,2026-03-31T18:50:31.3508352-04:00,2026-03-31T22:50:31.3508352Z,NCA_BUL,APP_MOU,FoulBallNotFieldable,Undefined,NoShift,90.43283,74.36839,133.127,61.39505,75.1251,-48.65679,146.69049,-7.75893,260.64692,-128.96508,336.15274,-1.57446,268.96582,139.58883,"Gillen, Patrick",804322,"Swangim, Zeb",1000239439,"Parks, Tyler",823708,"Lowe, Logan",1000448251,"Johnson, Blaize",10082492,"Pereira, Jake",10090799,"Minarik, Jake",1000414115,true
197d7303-619e-4e4b-bd3f-ff73083c07c6,88,180a0a50-2d54-11f1-8dae-b3d58bc9f52b,a90f737d-3830-4b90-ad4e-7601df8e3a16,2026-03-31,18:51:02.51,2026-03-31,22:51:02.51,2026-03-31T18:51:02.5104384-04:00,2026-03-31T22:51:02.5104384Z,NCA_BUL,APP_MOU,BallCalled,Undefined,NoShift,91.57458,77.15397,131.66419,60.06826,74.79851,-47.92949,148.44188,-9.82093,250.06675,-130.46478,325.69669,-6.83007,272.54273,140.3265,"Gillen, Patrick",804322,"Swangim, Zeb",1000239439,"Parks, Tyler",823708,"Lowe, Logan",1000448251,"Johnson, Blaize",10082492,"Pereira, Jake",10090799,"Minarik, Jake",1000414115,true
197d7303-619e-4e4b-bd3f-ff73083c07c6,89,25326b00-2d54-11f1-8dae-b3d58bc9f52b,92de4879-844c-4097-b366-617028133317,2026-03-31,18:51:24.60,2026-03-31,22:51:24.60,2026-03-31T18:51:24.6069760-04:00,2026-03-31T22:51:24.6069760Z,NCA_BUL,APP_MOU,BallCalled,Undefined,NoShift,91.60763,77.54658,132.99081,61.90304,82.68125,-51.26181,148.11684,-5.95052,257.61866,-133.04996,327.52703,-6.732,276.32672,141.72677,"Gillen, Patrick",804322,"Swangim, Zeb",1000239439,"Parks, Tyler",823708,"Lowe, Logan",1000448251,"Johnson, Blaize",10082492,"Pereira, Jake",10090799,"Minarik, Jake",1000414115,true
197d7303-619e-4e4b-bd3f-ff73083c07c6,90,3c8afb00-2d54-11f1-8dae-b3d58bc9f52b,a7848a22-a719-4300-b860-76a13134efa8,2026-03-31,18:52:03.68,2026-03-31,22:52:03.68,2026-03-31T18:52:03.6872192-04:00,2026-03-31T22:52:03.6872192Z,NCA_BUL,APP_MOU,BallCalled,Undefined,NoShift,86.3395,53.75578,135.53679,21.89288,71.80288,-51.038,136.04874,-29.97366,273.36051,-125.16372,326.10132,13.93918,274.07561,145.08989,"Gillen, Patrick",804322,"Swangim, Zeb",1000239439,"Parks, Tyler",823708,"Lowe, Logan",1000448251,"Johnson, Blaize",10082492,"Pereira, Jake",10090799,"Minarik, Jake",1000414115,true
197d7303-619e-4e4b-bd3f-ff73083c07c6,91,508da940-2d54-11f1-8dae-b3d58bc9f52b,287aeb1c-62a6-4434-9d40-2611b77f57b4,2026-03-31,18:52:37.29,2026-03-31,22:52:37.29,2026-03-31T18:52:37.2904960-04:00,2026-03-31T22:52:37.2904960Z,NCA_BUL,APP_MOU,StrikeCalled,Undefined,NoShift,75.34394,49.91702,139.60931,45.08967,74.72621,-50.21968,137.41999,-36.81814,272.65327,-124.81501,326.20029,9.95463,274.16412,144.6348,"Gillen, Patrick",804322,"Swangim, Zeb",1000239439,"Parks, Tyler",823708,"Lowe, Logan",1000448251,"Johnson, Blaize",10082492,"Pereira, Jake",10090799,"Minarik, Jake",1000414115,true
197d7303-619e-4e4b-bd3f-ff73083c07c6,92,5be25b60-2d54-11f1-8dae-b3d58bc9f52b,258b8ae1-447d-44b4-ae8a-1bda0394f6ba,2026-03-31,18:52:56.33,2026-03-31,22:52:56.33,2026-03-31T18:52:56.3340288-04:00,2026-03-31T22:52:56.3340288Z,NCA_BUL,APP_MOU,StrikeCalled,Undefined,NoShift,75.72405,50.58461,138.87932,47.40434,74.3977,-50.81499,135.90094,-36.22366,274.23378,-122.97526,326.78361,11.0084,269.4901,143.52737,"Gillen, Patrick",804322,"Swangim, Zeb",1000239439,"Parks, Tyler",823708,"Lowe, Logan",1000448251,"Johnson, Blaize",10082492,"Pereira, Jake",10090799,"Minarik, Jake",1000414115,true
197d7303-619e-4e4b-bd3f-ff73083c07c6,93,67608e80-2d54-11f1-8dae-b3d58bc9f52b,66064e68-a330-440a-9df4-04550183771e,2026-03-31,18:53:15.56,2026-03-31,22:53:15.56,2026-03-31T18:53:15.5690496-04:00,2026-03-31T22:53:15.5690496Z,NCA_BUL,APP_MOU,BallCalled,Undefined,NoShift,76.51317,50.84124,139.41819,47.94593,85.85645,-62.1084,136.90562,-37.33598,277.12182,-119.06897,327.63527,15.01689,258.45971,146.86208,"Gillen, Patrick",804322,"Swangim, Zeb",1000239439,"Parks, Tyler",823708,"Lowe, Logan",1000448251,"Johnson, Blaize",10082492,"Pereira, Jake",10090799,"Minarik, Jake",1000414115,true
197d7303-619e-4e4b-bd3f-ff73083c07c6,94,75be61f0-2d54-11f1-8dae-b3d58bc9f52b,05678cf2-3c6e-44f9-b5a6-09212ce840e1,2026-03-31,18:53:39.74,2026-03-31,22:53:39.74,2026-03-31T18:53:39.7410816-04:00,2026-03-31T22:53:39.7410816Z,NCA_BUL,APP_MOU,BallCalled,Undefined,NoShift,75.96678,50.19859,139.35669,48.4158,77.76946,-54.64927,137.8977,-35.79164,273.35373,-120.44507,309.77849,14.57273,262.87714,148.2315,"Gillen, Patrick",804322,"Swangim, Zeb",1000239439,"Parks, Tyler",823708,"Lowe, Logan",1000448251,"Johnson, Blaize",10082492,"Pereira, Jake",10090799,"Minarik, Jake",1000414115,true
197d7303-619e-4e4b-bd3f-ff73083c07c6,95,83a18720-2d54-11f1-8dae-b3d58bc9f52b,faaa51a1-7521-4b4b-801e-dbfc6c7558e6,2026-03-31,18:54:02.95,2026-03-31,22:54:02.95,2026-03-31T18:54:02.9513216-04:00,2026-03-31T22:54:02.9513216Z,NCA_BUL,APP_MOU,BallCalled,Undefined,NoShift,75.36186,49.99015,138.92024,49.18944,78.18493,-54.31087,137.16096,-35.89729,271.83321,-120.85781,315.61895,13.98836,255.13377,144.48711,"Gillen, Patrick",804322,"Swangim, Zeb",1000239439,"Parks, Tyler",823708,"Lowe, Logan",1000448251,"Johnson, Blaize",10082492,"Pereira, Jake",10090799,"Minarik, Jake",1000414115,true
197d7303-619e-4e4b-bd3f-ff73083c07c6,96,b85188d0-2d54-11f1-8dae-b3d58bc9f52b,67fc2af1-1aa4-4b08-aaa9-ce5b3e111f49,2026-03-31,18:55:31.42,2026-03-31,22:55:31.42,2026-03-31T18:55:31.4234880-04:00,2026-03-31T22:55:31.4234880Z,NCA_BUL,APP_MOU,BallCalled,Undefined,NoShift,72.80228,48.3185,140.02904,28.59801,74.73966,-51.15124,138.02673,-30.70868,272.41981,-125.44668,316.14372,0.60578,270.13291,142.13104,"Gillen, Patrick",804322,"Swangim, Zeb",1000239439,"Parks, Tyler",823708,"Lowe, Logan",1000448251,"Johnson, Blaize",10082492,"Pereira, Jake",10090799,"Minarik, Jake",1000414115,true
197d7303-619e-4e4b-bd3f-ff73083c07c6,97,c2ad8310-2d54-11f1-8dae-b3d58bc9f52b,2a00ae1a-b2bc-44ce-b7af-17a7d6851a6f,2026-03-31,18:55:48.79,2026-03-31,22:55:48.79,2026-03-31T18:55:48.7905280-04:00,2026-03-31T22:55:48.7905280Z,NCA_BUL,APP_MOU,StrikeCalled,Undefined,NoShift,73.47215,48.37607,137.86485,30.05618,74.80918,-51.2332,137.31585,-30.37496,268.15,-128.09229,313.46025,-0.30652,271.07107,140.93193,"Gillen, Patrick",804322,"Swangim, Zeb",1000239439,"Parks, Tyler",823708,"Lowe, Logan",1000448251,"Johnson, Blaize",10082492,"Pereira, Jake",10090799,"Minarik, Jake",1000414115,true
197d7303-619e-4e4b-bd3f-ff73083c07c6,98,ccec5860-2d54-11f1-8dae-b3d58bc9f52b,c16c4ea4-0cb9-4779-9bbd-69c7b7cfadf8,2026-03-31,18:56:05.94,2026-03-31,22:56:05.94,2026-03-31T18:56:05.9403776-04:00,2026-03-31T22:56:05.9403776Z,NCA_BUL,APP_MOU,BallCalled,Undefined,NoShift,73.42093,48.4906,139.068,29.35351,76.23094,-51.51765,135.48353,-29.96522,268.32756,-128.38977,314.59229,-1.15777,270.54527,141.40397,"Gillen, Patrick",804322,"Swangim, Zeb",1000239439,"Parks, Tyler",823708,"Lowe, Logan",1000448251,"Johnson, Blaize",10082492,"Pereira, Jake",10090799,"Minarik, Jake",1000414115,true
197d7303-619e-4e4b-bd3f-ff73083c07c6,99,d9a8fef0-2d54-11f1-8dae-b3d58bc9f52b,3a3e5b4e-bb0a-4908-a9f1-a00b613de86f,2026-03-31,18:56:27.35,2026-03-31,22:56:27.35,2026-03-31T18:56:27.3524736-04:00,2026-03-31T22:56:27.3524736Z,NCA_BUL,APP_MOU,BallCalled,Undefined,NoShift,73.403,48.37535,139.03888,29.84022,78.4113,-53.9679,136.12874,-30.27958,264.82348,-128.43628,320.17387,0.152,271.46935,141.77667,"Gillen, Patrick",804322,"Swangim, Zeb",1000239439,"Parks, Tyler",823708,"Lowe, Logan",1000448251,"Johnson, Blaize",10082492,"Pereira, Jake",10090799,"Minarik, Jake",1000414115,true
197d7303-619e-4e4b-bd3f-ff73083c07c6,100,e6ef47e0-2d54-11f1-8dae-b3d58bc9f52b,388375ff-e726-4744-acc9-edf22de3589e,2026-03-31,18:56:49.65,2026-03-31,22:56:49.65,2026-03-31T18:56:49.6547328-04:00,2026-03-31T22:56:49.6547328Z,NCA_BUL,APP_MOU,StrikeCalled,Undefined,NoShift,73.30046,48.28791,141.00632,31.11863,75.50512,-51.92352,136.69636,-30.54936,268.57179,-134.25228,313.90673,-0.56987,269.38141,140.1826,"Gillen, Patrick",804322,"Swangim, Zeb",1000239439,"Parks, Tyler",823708,"Lowe, Logan",1000448251,"Johnson, Blaize",10082492,"Pereira, Jake",10090799,"Minarik, Jake",1000414115,true
197d7303-619e-4e4b-bd3f-ff73083c07c6,101,f6235710-2d54-11f1-8dae-b3d58bc9f52b,9ea599ed-dd60-4670-b6a6-8c16895b6205,2026-03-31,18:57:15.17,2026-03-31,22:57:15.17,2026-03-31T18:57:15.1766016-04:00,2026-03-31T22:57:15.1766016Z,NCA_BUL,APP_MOU,FoulBallNotFieldable,Undefined,NoShift,73.5459,48.22331,136.40466,28.62184,74.34981,-50.66577,136.57358,-30.55536,267.02542,-134.50506,311.69671,0.1978,261.64335,143.59075,"Gillen, Patrick",804322,"Swangim, Zeb",1000239439,"Parks, Tyler",823708,"Lowe, Logan",1000448251,"Johnson, Blaize",10082492,"Pereira, Jake",10090799,"Minarik, Jake",1000414115,true
197d7303-619e-4e4b-bd3f-ff73083c07c6,102,0462cd10-2d55-11f1-8dae-b3d58bc9f52b,0d2160d4-f531-4ed7-84e4-4d75fa1598ac,2026-03-31,18:57:39.03,2026-03-31,22:57:39.03,2026-03-31T18:57:39.0322688-04:00,2026-03-31T22:57:39.0322688Z,NCA_BUL,APP_MOU,InPlay,Double,NoShift,74.31509,48.69524,136.7986,30.57518,76.20737,-52.76327,136.67495,-30.40954,262.03135,-132.39467,320.9741,-0.94452,258.26733,143.05171,"Gillen, Patrick",804322,"Swangim, Zeb",1000239439,"Parks, Tyler",823708,"Lowe, Logan",1000448251,"Johnson, Blaize",10082492,"Pereira, Jake",10090799,"Minarik, Jake",1000414115,true
197d7303-619e-4e4b-bd3f-ff73083c07c6,103,282e7780-2d55-11f1-8dae-b3d58bc9f52b,b7b635e3-c8cf-45cc-a62b-5580878577c5,2026-03-31,18:58:39.02,2026-03-31,22:58:39.02,2026-03-31T18:58:39.0239232-04:00,2026-03-31T22:58:39.0239232Z,NCA_BUL,APP_MOU,BallCalled,Undefined,NoShift,74.92378,50.87075,142.3031,37.44212,78.95885,-48.81293,134.97895,-37.7502,264.88362,-123.52923,313.45452,9.26697,264.33459,143.51898,"Gillen, Patrick",804322,"Swangim, Zeb",1000239439,"Parks, Tyler",823708,"Lowe, Logan",1000448251,"Johnson, Blaize",10082492,"Pereira, Jake",10090799,"Minarik, Jake",1000414115,true
197d7303-619e-4e4b-bd3f-ff73083c07c6,104,33743580-2d55-11f1-8dae-b3d58bc9f52b,9acd221d-6388-4db6-9a6e-8d498e3f4395,2026-03-31,18:58:57.96,2026-03-31,22:58:57.96,2026-03-31T18:58:57.9631104-04:00,2026-03-31T22:58:57.9631104Z,NCA_BUL,APP_MOU,BallCalled,Undefined,NoShift,75.14824,50.84046,141.5106,35.40149,80.59529,-51.82918,135.16904,-38.65812,260.51178,-123.88308,311.1787,8.1102,264.02644,143.09319,"Gillen, Patrick",804322,"Swangim, Zeb",1000239439,"Parks, Tyler",823708,"Lowe, Logan",1000448251,"Johnson, Blaize",10082492,"Pereira, Jake",10090799,"Minarik, Jake",1000414115,true
197d7303-619e-4e4b-bd3f-ff73083c07c6,105,4da009c0-2d55-11f1-8dae-b3d58bc9f52b,59e9db87-66e0-452a-9658-b3cc581e37b5,2026-03-31,18:59:41.86,2026-03-31,22:59:41.86,2026-03-31T18:59:41.8667520-04:00,2026-03-31T22:59:41.8667520Z,NCA_BUL,APP_MOU,BallCalled,Undefined,NoShift,74.19318,50.28858,144.1316,31.08338,74.30508,-49.02016,138.04222,-36.98772,260.86701,-124.76747,311.6058,13.09148,264.7409,143.1204,"Gillen, Patrick",804322,"Swangim, Zeb",1000239439,"Parks, Tyler",823708,"Lowe, Logan",1000448251,"Johnson, Blaize",10082492,"Pereira, Jake",10090799,"Minarik, Jake",1000414115,true
197d7303-619e-4e4b-bd3f-ff73083c07c6,106,5a49c490-2d55-11f1-8dae-b3d58bc9f52b,326b8e23-6895-48ec-b448-a06f11c1e041,2026-03-31,19:00:03.17,2026-03-31,23:00:03.17,2026-03-31T19:00:03.1718912-04:00,2026-03-31T23:00:03.1718912Z,NCA_BUL,APP_MOU,BallCalled,Undefined,NoShift,73.21873,49.64063,142.82502,30.54774,72.97146,-48.36671,138.08083,-34.8969,263.13919,-126.15755,314.26259,11.88375,266.95731,143.6619,"Gillen, Patrick",804322,"Swangim, Zeb",1000239439,"Parks, Tyler",823708,"Lowe, Logan",1000448251,"Johnson, Blaize",10082492,"Pereira, Jake",10090799,"Minarik, Jake",1000414115,true
197d7303-619e-4e4b-bd3f-ff73083c07c6,107,d1c31850-2d55-11f1-8dae-b3d58bc9f52b,1b27e222-1f3a-43de-9af2-4e04a30a21cb,2026-03-31,19:03:23.57,2026-03-31,23:03:23.57,2026-03-31T19:03:23.5792896-04:00,2026-03-31T23:03:23.5792896Z,NCA_BUL,APP_MOU,BallCalled,Undefined,NoShift,73.16461,48.91823,139.85746,31.12398,72.28721,-49.76199,137.33451,-30.12564,266.55138,-120.41183,318.46373,-0.08931,277.24086,144.16496,"Gillen, Patrick",804322,"Swangim, Zeb",1000239439,"Parks, Tyler",823708,"Lowe, Logan",1000448251,"Johnson, Blaize",10082492,"Pereira, Jake",10090799,"Minarik, Jake",1000414115,true
197d7303-619e-4e4b-bd3f-ff73083c07c6,108,da36f1a0-2d55-11f1-8dae-b3d58bc9f52b,76fc07d8-f705-4af9-ae33-8117f4bf100f,2026-03-31,19:03:37.76,2026-03-31,23:03:37.76,2026-03-31T19:03:37.7644032-04:00,2026-03-31T23:03:37.7644032Z,NCA_BUL,APP_MOU,BallCalled,Undefined,NoShift,72.64218,48.55059,135.60374,31.30263,72.61117,-48.7983,136.29241,-30.38915,265.72302,-122.65351,307.29916,-0.4606,273.8253,142.83734,"Gillen, Patrick",804322,"Swangim, Zeb",1000239439,"Parks, Tyler",823708,"Lowe, Logan",1000448251,"Johnson, Blaize",10082492,"Pereira, Jake",10090799,"Minarik, Jake",1000414115,true
197d7303-619e-4e4b-bd3f-ff73083c07c6,109,eb85f190-2d55-11f1-8dae-b3d58bc9f52b,e7b32b8d-5ff8-46a1-898d-5f18b3e31536,2026-03-31,19:04:06.79,2026-03-31,23:04:06.79,2026-03-31T19:04:06.7920896-04:00,2026-03-31T23:04:06.7920896Z,NCA_BUL,APP_MOU,BallCalled,Undefined,NoShift,73.66719,49.69746,137.11689,28.63747,72.00446,-48.84833,135.67077,-31.03115,268.32297,-124.95244,306.13598,-0.17684,272.85765,142.8816,"Gillen, Patrick",804322,"Swangim, Zeb",1000239439,"Parks, Tyler",823708,"Lowe, Logan",1000448251,"Johnson, Blaize",10082492,"Pereira, Jake",10090799,"Minarik, Jake",1000414115,true
197d7303-619e-4e4b-bd3f-ff73083c07c6,110,f5b25050-2d55-11f1-8dae-b3d58bc9f52b,ccdcfb70-88fd-49ef-af53-aa0909868c32,2026-03-31,19:04:23.86,2026-03-31,23:04:23.86,2026-03-31T19:04:23.8664192-04:00,2026-03-31T23:04:23.8664192Z,NCA_BUL,APP_MOU,StrikeCalled,Undefined,NoShift,72.92913,49.96137,137.00374,30.48724,71.3594,-48.5251,136.25681,-31.36417,267.76392,-125.09434,310.1713,0.51431,269.0537,141.71648,"Gillen, Patrick",804322,"Swangim, Zeb",1000239439,"Parks, Tyler",823708,"Lowe, Logan",1000448251,"Johnson, Blaize",10082492,"Pereira, Jake",10090799,"Minarik, Jake",1000414115,true
197d7303-619e-4e4b-bd3f-ff73083c07c6,111,fffa9b80-2d55-11f1-8dae-b3d58bc9f52b,3a9d8809-b63a-4e16-b8a2-b1c89ddffdfc,2026-03-31,19:04:41.15,2026-03-31,23:04:41.15,2026-03-31T19:04:41.1515392-04:00,2026-03-31T23:04:41.1515392Z,NCA_BUL,APP_MOU,StrikeCalled,Undefined,NoShift,72.76456,49.80324,136.27473,29.98007,69.60965,-48.30455,137.50785,-30.62062,263.73261,-125.11789,303.64987,-1.29123,269.21911,142.20582,"Gillen, Patrick",804322,"Swangim, Zeb",1000239439,"Parks, Tyler",823708,"Lowe, Logan",1000448251,"Johnson, Blaize",10082492,"Pereira, Jake",10090799,"Minarik, Jake",1000414115,true
197d7303-619e-4e4b-bd3f-ff73083c07c6,112,15df9e50-2d56-11f1-8dae-b3d58bc9f52b,c8a584e4-19d2-4015-b578-2bb1515cb438,2026-03-31,19:05:17.79,2026-03-31,23:05:17.79,2026-03-31T19:05:17.7931264-04:00,2026-03-31T23:05:17.7931264Z,NCA_BUL,APP_MOU,StrikeSwinging,Undefined,NoShift,72.46347,50.70417,137.27885,32.15345,72.53795,-50.13981,136.61014,-30.5157,272.91722,-120.30056,302.44521,9.97902,259.90531,146.42378,"Gillen, Patrick",804322,"Swangim, Zeb",1000239439,"Parks, Tyler",823708,"Lowe, Logan",1000448251,"Johnson, Blaize",10082492,"Pereira, Jake",10090799,"Minarik, Jake",1000414115,true
197d7303-619e-4e4b-bd3f-ff73083c07c6,113,29042190-2d56-11f1-8dae-b3d58bc9f52b,dd01d00a-bef0-4fac-810d-45d8164bf87e,2026-03-31,19:05:49.93,2026-03-31,23:05:49.93,2026-03-31T19:05:49.9339264-04:00,2026-03-31T23:05:49.9339264Z,NCA_BUL,APP_MOU,StrikeCalled,Undefined,NoShift,91.59179,63.17056,143.8367,29.9504,87.15325,-70.84046,137.8137,-33.32055,278.3785,-135.10108,339.59185,-0.91191,270.00809,142.47471,"Gillen, Patrick",804322,"Swangim, Zeb",1000239439,"Parks, Tyler",823708,"Lowe, Logan",1000448251,"Johnson, Blaize",10082492,"Pereira, Jake",10090799,"Minarik, Jake",1000414115,true
197d7303-619e-4e4b-bd3f-ff73083c07c6,114,330d67f0-2d56-11f1-8dae-b3d58bc9f52b,4aefa247-da5e-4412-b23a-0989fe6f6bcf,2026-03-31,19:06:06.80,2026-03-31,23:06:06.80,2026-03-31T19:06:06.8044288-04:00,2026-03-31T23:06:06.8044288Z,NCA_BUL,APP_MOU,BallCalled,Undefined,NoShift,91.64234,63.28355,145.28773,29.87499,87.22978,-69.26266,138.2285,-32.94225,279.6971,-136.67461,335.30261,0.27181,268.91261,142.58583,"Gillen, Patrick",804322,"Swangim, Zeb",1000239439,"Parks, Tyler",823708,"Lowe, Logan",1000448251,"Johnson, Blaize",10082492,"Pereira, Jake",10090799,"Minarik, Jake",1000414115,true
197d7303-619e-4e4b-bd3f-ff73083c07c6,115,3db86c90-2d56-11f1-8dae-b3d58bc9f52b,64e4d3c2-6856-41e9-93de-b5d06d921311,2026-03-31,19:06:24.69,2026-03-31,23:06:24.69,2026-03-31T19:06:24.6982656-04:00,2026-03-31T23:06:24.6982656Z,NCA_BUL,APP_MOU,BallCalled,Undefined,NoShift,91.53647,63.15735,146.91088,29.47117,85.65383,-70.64181,138.451,-33.44768,276.10317,-135.19471,337.5966,-0.53352,266.58712,142.30812,"Gillen, Patrick",804322,"Swangim, Zeb",1000239439,"Parks, Tyler",823708,"Lowe, Logan",1000448251,"Johnson, Blaize",10082492,"Pereira, Jake",10090799,"Minarik, Jake",1000414115,true
197d7303-619e-4e4b-bd3f-ff73083c07c6,116,4a8b0c20-2d56-11f1-8dae-b3d58bc9f52b,9ba14dc5-ab48-4967-9ed7-d88b82cf7744,2026-03-31,19:06:46.22,2026-03-31,23:06:46.22,2026-03-31T19:06:46.2269952-04:00,2026-03-31T23:06:46.2269952Z,NCA_BUL,APP_MOU,BallCalled,Undefined,NoShift,90.95467,62.45977,147.86891,29.08864,87.09923,-71.47581,138.07606,-33.599,275.09666,-134.06077,336.0725,-0.41457,263.59678,139.8108,"Gillen, Patrick",804322,"Swangim, Zeb",1000239439,"Parks, Tyler",823708,"Lowe, Logan",1000448251,"Johnson, Blaize",10082492,"Pereira, Jake",10090799,"Minarik, Jake",1000414115,true
197d7303-619e-4e4b-bd3f-ff73083c07c6,117,55828310-2d56-11f1-8dae-b3d58bc9f52b,d530b424-b0b7-468a-aa8e-65551702c805,2026-03-31,19:07:04.64,2026-03-31,23:07:04.64,2026-03-31T19:07:04.6437888-04:00,2026-03-31T23:07:04.6437888Z,NCA_BUL,APP_MOU,BallCalled,Undefined,NoShift,91.48446,63.06711,148.16856,28.93544,87.74374,-71.22456,138.57414,-32.31435,270.6826,-131.82534,328.94625,0.75107,268.54755,141.19078,"Gillen, Patrick",804322,"Swangim, Zeb",1000239439,"Parks, Tyler",823708,"Lowe, Logan",1000448251,"Johnson, Blaize",10082492,"Pereira, Jake",10090799,"Minarik, Jake",1000414115,true
197d7303-619e-4e4b-bd3f-ff73083c07c6,118,6b45ac60-2d5e-11f1-8dae-b3d58bc9f52b,2b94da0d-3bfa-43c8-8644-bd7b8bccb110,2026-03-31,20:04:57.07,2026-04-01,00:04:57.07,2026-03-31T20:04:57.0722816-04:00,2026-04-01T00:04:57.0722816Z,NCA_BUL,APP_MOU,FoulBallNotFieldable,Undefined,NoShift,94.20529,80.69311,130.50622,61.32066,86.22166,-48.53487,147.93068,-20.08875,257.85989,-124.85548,306.36965,-7.90298,283.45914,146.92622,"Gillen, Patrick",804322,"Swangim, Zeb",1000239439,"Parks, Tyler",823708,"Lowe, Logan",1000448251,"Johnson, Blaize",10082492,"Pereira, Jake",10090799,"Minarik, Jake",1000414115,true
197d7303-619e-4e4b-bd3f-ff73083c07c6,119,752b1710-2d5e-11f1-8dae-b3d58bc9f52b,11d85c87-98e4-42b4-9c70-f0b0d7f6f037,2026-03-31,20:05:13.65,2026-04-01,00:05:13.65,2026-03-31T20:05:13.6525312-04:00,2026-04-01T00:05:13.6525312Z,NCA_BUL,APP_MOU,BallCalled,Undefined,NoShift,93.10216,79.85589,130.95197,63.36899,88.72683,-52.57255,147.60419,-19.98749,257.21233,-125.1985,303.49803,-8.67539,281.18331,145.97747,"Gillen, Patrick",804322,"Swangim, Zeb",1000239439,"Parks, Tyler",823708,"Lowe, Logan",1000448251,"Johnson, Blaize",10082492,"Pereira, Jake",10090799,"Minarik, Jake",1000414115,true
197d7303-619e-4e4b-bd3f-ff73083c07c6,120,97465260-2d5e-11f1-8dae-b3d58bc9f52b,08db69f8-abc1-430d-b686-ae4a631e634e,2026-03-31,20:06:10.91,2026-04-01,00:06:10.91,2026-03-31T20:06:10.9171712-04:00,2026-04-01T00:06:10.9171712Z,NCA_BUL,APP_MOU,StrikeCalled,Undefined,NoShift,91.72613,80.11861,130.1242,64.65933,88.85781,-52.68199,146.71324,-21.73532,255.09129,-126.08239,301.7026,-6.55924,277.54647,144.90578,"Gillen, Patrick",804322,"Swangim, Zeb",1000239439,"Parks, Tyler",823708,"Lowe, Logan",1000448251,"Johnson, Blaize",10082492,"Pereira, Jake",10090799,"Minarik, Jake",1000414115,true
197d7303-619e-4e4b-bd3f-ff73083c07c6,121,a2a93550-2d5e-11f1-8dae-b3d58bc9f52b,88c1575c-73d8-47a9-a11e-e3eae9ff8eab,2026-03-31,20:06:30.00,2026-04-01,00:06:30.00,2026-03-31T20:06:30.0036096-04:00,2026-04-01T00:06:30.0036096Z,NCA_BUL,APP_MOU,BallCalled,Undefined,NoShift,92.36502,79.57236,130.94452,66.50737,93.09638,-54.99751,147.23941,-21.86628,247.71483,-138.35252,300.05491,-11.23939,282.25031,146.8344,"Gillen, Patrick",804322,"Swangim, Zeb",1000239439,"Parks, Tyler",823708,"Lowe, Logan",1000448251,"Johnson, Blaize",10082492,"Pereira, Jake",10090799,"Minarik, Jake",1000414115,true
197d7303-619e-4e4b-bd3f-ff73083c07c6,122,b1b4d4f0-2d5e-11f1-8dae-b3d58bc9f52b,380d612e-0f3d-4777-877f-e4476deaf390,2026-03-31,20:06:55.28,2026-04-01,00:06:55.28,2026-03-31T20:06:55.2888832-04:00,2026-04-01T00:06:55.2888832Z,NCA_BUL,APP_MOU,InPlay,Out,NoShift,93.12377,79.75386,136.26635,64.07021,91.15844,-55.10907,151.31261,-17.05396,246.69247,-137.78609,301.35858,-11.24648,275.13973,143.50333,"Gillen, Patrick",804322,"Swangim, Zeb",1000239439,"Parks, Tyler",823708,"Lowe, Logan",1000448251,"Johnson, Blaize",10082492,"Pereira, Jake",10090799,"Minarik, Jake",1000414115,true
197d7303-619e-4e4b-bd3f-ff73083c07c6,123,105d5090-2d5f-11f1-8dae-b3d58bc9f52b,1d32505a-79b7-4121-aeeb-bb9be10932f2,2026-03-31,20:09:34.07,2026-04-01,00:09:34.07,2026-03-31T20:09:34.0756480-04:00,2026-04-01T00:09:34.0756480Z,APP_MOU,NCA_BUL,StrikeCalled,Undefined,NoShift,97.75485,64.35621,148.56294,35.39294,100.76432,-69.25039,142.65791,-46.37852,276.77484,-125.42732,314.28511,12.76525,250.16082,145.64563,"Puig, Ethan",813911,"Zamora, Joseph",1000128701,"Mummau, Jake",701417,"Xuereb, Jonathan",804436,"Soul, Nico",1000275968,"Evans, Charlie",813602,"Luft, Riley",1000102710,true
197d7303-619e-4e4b-bd3f-ff73083c07c6,124,18be8c40-2d5f-11f1-8dae-b3d58bc9f52b,4566570a-6c69-47ed-a317-bdb85e2902cf,2026-03-31,20:09:48.11,2026-04-01,00:09:48.11,2026-03-31T20:09:48.1162752-04:00,2026-04-01T00:09:48.1162752Z,APP_MOU,NCA_BUL,InPlay,Out,NoShift,97.66213,64.54159,148.966,35.72299,101.15099,-69.40909,142.63704,-46.00643,275.55726,-125.3341,314.19505,13.5175,250.7302,147.27547,"Puig, Ethan",813911,"Zamora, Joseph",1000128701,"Mummau, Jake",701417,"Xuereb, Jonathan",804436,"Soul, Nico",1000275968,"Evans, Charlie",813602,"Luft, Riley",1000102710,true
197d7303-619e-4e4b-bd3f-ff73083c07c6,125,2cd585d0-2d5f-11f1-8dae-b3d58bc9f52b,b924f09f-b831-4a3c-ba30-b4b493be7ae0,2026-03-31,20:10:21.80,2026-04-01,00:10:21.80,2026-03-31T20:10:21.8080768-04:00,2026-04-01T00:10:21.8080768Z,APP_MOU,NCA_BUL,BallCalled,Undefined,NoShift,94.32436,61.86255,149.14073,32.01454,100.94038,-70.45594,142.39548,-47.64508,276.23589,-127.11867,309.19388,13.08864,245.82291,143.10939,"Puig, Ethan",813911,"Zamora, Joseph",1000128701,"Mummau, Jake",701417,"Xuereb, Jonathan",804436,"Soul, Nico",1000275968,"Evans, Charlie",813602,"Luft, Riley",1000102710,true
197d7303-619e-4e4b-bd3f-ff73083c07c6,126,35835ae0-2d5f-11f1-8dae-b3d58bc9f52b,a58a292c-4526-4536-b7e4-15f491d4c793,2026-03-31,20:10:36.46,2026-04-01,00:10:36.46,2026-03-31T20:10:36.4694528-04:00,2026-04-01T00:10:36.4694528Z,APP_MOU,NCA_BUL,StrikeSwinging,Undefined,NoShift,95.71583,63.86885,149.74798,31.79763,100.83468,-71.43663,142.45646,-46.92927,273.87475,-126.00242,313.00421,13.3664,246.90803,143.87799,"Puig, Ethan",813911,"Zamora, Joseph",1000128701,"Mummau, Jake",701417,"Xuereb, Jonathan",804436,"Soul, Nico",1000275968,"Evans, Charlie",813602,"Luft, Riley",1000102710,true
197d7303-619e-4e4b-bd3f-ff73083c07c6,127,3e7787c0-2d5f-11f1-8dae-b3d58bc9f52b,8b4b09aa-ad9a-4c9f-bfc8-e1e103f426e2,2026-03-31,20:10:51.45,2026-04-01,00:10:51.45,2026-03-31T20:10:51.4560512-04:00,2026-04-01T00:10:51.4560512Z,APP_MOU,NCA_BUL,BallCalled,Undefined,NoShift,96.22663,64.7091,149.70548,32.01542,101.16737,-71.81379,142.42218,-47.10962,270.62858,-125.58215,308.78765,13.67607,247.53898,144.82928,"Puig, Ethan",813911,"Zamora, Joseph",1000128701,"Mummau, Jake",701417,"Xuereb, Jonathan",804436,"Soul, Nico",1000275968,"Evans, Charlie",813602,"Luft, Riley",1000102710,true
197d7303-619e-4e4b-bd3f-ff73083c07c6,128,481c3ff0-2d5f-11f1-8dae-b3d58bc9f52b,507abbed-c861-48cb-bb6c-60df69de88ef,2026-03-31,20:11:07.56,2026-04-01,00:11:07.56,2026-03-31T20:11:07.5682304-04:00,2026-04-01T00:11:07.5682304Z,APP_MOU,NCA_BUL,StrikeSwinging,Undefined,NoShift,96.06151,65.38127,150.68472,32.04586,100.5253,-70.37553,142.26865,-47.38973,277.16872,-126.31381,314.63341,12.87794,247.86544,144.28409,"Puig, Ethan",813911,"Zamora, Joseph",1000128701,"Mummau, Jake",701417,"Xuereb, Jonathan",804436,"Soul, Nico",1000275968,"Evans, Charlie",813602,"Luft, Riley",1000102710,true
197d7303-619e-4e4b-bd3f-ff73083c07c6,129,55780cb0-2d5f-11f1-8dae-b3d58bc9f52b,0b231fb9-a53e-4245-8b51-64b2f30365ed,2026-03-31,20:11:30.01,2026-04-01,00:11:30.01,2026-03-31T20:11:30.0120000-04:00,2026-04-01T00:11:30.0120000Z,APP_MOU,NCA_BUL,StrikeCalled,Undefined,NoShift,93.56692,64.76585,149.41531,32.22445,100.47584,-70.63258,142.21486,-47.3064,275.66351,-126.43479,312.83893,13.65543,248.55887,145.298,"Puig, Ethan",813911,"Zamora, Joseph",1000128701,"Mummau, Jake",701417,"Xuereb, Jonathan",804436,"Soul, Nico",1000275968,"Evans, Charlie",813602,"Luft, Riley",1000102710,true
197d7303-619e-4e4b-bd3f-ff73083c07c6,130,67a7a8a0-2d5f-11f1-8dae-b3d58bc9f52b,f1380f4f-c5c2-4d89-a16a-d73d049d9ceb,2026-03-31,20:12:00.53,2026-04-01,00:12:00.53,2026-03-31T20:12:00.5381632-04:00,2026-04-01T00:12:00.5381632Z,APP_MOU,NCA_BUL,StrikeCalled,Undefined,NoShift,95.21223,65.20843,148.29165,34.40633,101.59026,-70.16231,142.29977,-47.86412,271.20885,-123.57031,315.58529,13.13533,247.11191,143.32208,"Puig, Ethan",813911,"Zamora, Joseph",1000128701,"Mummau, Jake",701417,"Xuereb, Jonathan",804436,"Soul, Nico",1000275968,"Evans, Charlie",813602,"Luft, Riley",1000102710,true
197d7303-619e-4e4b-bd3f-ff73083c07c6,131,700d5120-2d5f-11f1-8dae-b3d58bc9f52b,481b145f-832a-4b2c-9af1-2d88eac91470,2026-03-31,20:12:14.63,2026-04-01,00:12:14.63,2026-03-31T20:12:14.6372096-04:00,2026-04-01T00:12:14.6372096Z,APP_MOU,NCA_BUL,InPlay,Out,NoShift,96.23102,66.24925,149.05327,33.87661,100.95008,-70.00785,141.48168,-47.56247,272.67777,-123.71764,315.05156,14.11349,246.09221,142.50912,"Puig, Ethan",813911,"Zamora, Joseph",1000128701,"Mummau, Jake",701417,"Xuereb, Jonathan",804436,"Soul, Nico",1000275968,"Evans, Charlie",813602,"Luft, Riley",1000102710,true
197d7303-619e-4e4b-bd3f-ff73083c07c6,132,bac9dad0-2d5f-11f1-8dae-b3d58bc9f52b,a406305b-ffce-4820-9c48-18f385bdb862,2026-03-31,20:14:20.00,2026-04-01,00:14:20.00,2026-03-31T20:14:20.0001024-04:00,2026-04-01T00:14:20.0001024Z,NCA_BUL,APP_MOU,BallCalled,Undefined,NoShift,91.15479,62.88811,145.35033,34.56527,90.15731,-66.85853,137.55187,-37.81626,267.79759,-125.91178,297.75524,7.57267,256.61531,136.28205,"Gillen, Patrick",804322,"Swangim, Zeb",1000239439,"Parks, Tyler",823708,"Lowe, Logan",1000448251,"Johnson, Blaize",10082492,"Pereira, Jake",10090799,"Minarik, Jake",1000414115,true
197d7303-619e-4e4b-bd3f-ff73083c07c6,133,c2138c00-2d5f-11f1-8dae-b3d58bc9f52b,02449555-89a2-488b-84d4-b8a07b6c3d40,2026-03-31,20:14:32.20,2026-04-01,00:14:32.20,2026-03-31T20:14:32.2056704-04:00,2026-04-01T00:14:32.2056704Z,NCA_BUL,APP_MOU,InPlay,Double,NoShift,91.47004,63.09233,144.4803,33.03241,89.80316,-69.18286,138.69551,-37.35803,262.11329,-124.29481,303.95988,6.74299,263.0816,140.22873,"Gillen, Patrick",804322,"Swangim, Zeb",1000239439,"Parks, Tyler",823708,"Lowe, Logan",1000448251,"Johnson, Blaize",10082492,"Pereira, Jake",10090799,"Minarik, Jake",1000414115,true
197d7303-619e-4e4b-bd3f-ff73083c07c6,134,deaabaf0-2d5f-11f1-8dae-b3d58bc9f52b,f6c8de6f-c84e-47f3-a536-1dc1bbe46b41,2026-03-31,20:15:20.19,2026-04-01,00:15:20.19,2026-03-31T20:15:20.1932288-04:00,2026-04-01T00:15:20.1932288Z,NCA_BUL,APP_MOU,InPlay,Double,NoShift,69.28632,50.78709,130.22444,57.34003,69.77592,-47.94372,145.68883,-8.83122,256.50081,-133.19866,300.1885,-9.15066,271.92057,146.06015,"Gillen, Patrick",804322,"Swangim, Zeb",1000239439,"Parks, Tyler",823708,"Lowe, Logan",1000448251,"Johnson, Blaize",10082492,"Pereira, Jake",10090799,"Minarik, Jake",1000414115,true
197d7303-619e-4e4b-bd3f-ff73083c07c6,135,fc7a90f0-2d5f-11f1-8dae-b3d58bc9f52b,f4074d26-7739-46b1-b19f-ee1713730dee,2026-03-31,20:16:10.14,2026-04-01,00:16:10.14,2026-03-31T20:16:10.1443584-04:00,2026-04-01T00:16:10.1443584Z,NCA_BUL,APP_MOU,BallCalled,Undefined,NoShift,93.15012,78.60978,135.65918,54.83521,73.25689,-46.68319,142.35803,-13.12906,259.05504,-131.2599,318.44058,-10.83072,271.92949,141.15953,"Gillen, Patrick",804322,"Swangim, Zeb",1000239439,"Parks, Tyler",823708,"Lowe, Logan",1000448251,"Johnson, Blaize",10082492,"Pereira, Jake",10090799,"Minarik, Jake",1000414115,true
197d7303-619e-4e4b-bd3f-ff73083c07c6,136,06626ca0-2d60-11f1-8dae-b3d58bc9f52b,573412a5-2e0a-4402-aade-3061ce27a5bd,2026-03-31,20:16:26.79,2026-04-01,00:16:26.79,2026-03-31T20:16:26.7910144-04:00,2026-04-01T00:16:26.7910144Z,NCA_BUL,APP_MOU,BallCalled,Undefined,NoShift,92.01359,76.78808,134.92242,56.60668,75.30904,-47.57576,142.74268,-12.04354,256.89963,-129.94326,319.85117,-9.52947,268.59862,139.95398,"Gillen, Patrick",804322,"Swangim, Zeb",1000239439,"Parks, Tyler",823708,"Lowe, Logan",1000448251,"Johnson, Blaize",10082492,"Pereira, Jake",10090799,"Minarik, Jake",1000414115,true
197d7303-619e-4e4b-bd3f-ff73083c07c6,137,12f80330-2d60-11f1-8dae-b3d58bc9f52b,b349a8f2-b71a-4b9a-9896-1a21f3c3f3ff,2026-03-31,20:16:47.92,2026-04-01,00:16:47.92,2026-03-31T20:16:47.9287808-04:00,2026-04-01T00:16:47.9287808Z,NCA_BUL,APP_MOU,InPlay,Out,NoShift,91.50028,76.05645,133.71329,57.19819,73.97206,-47.932,144.28159,-9.87972,257.24714,-129.94529,308.16316,-9.21476,268.59603,139.99256,"Gillen, Patrick",804322,"Swangim, Zeb",1000239439,"Parks, Tyler",823708,"Lowe, Logan",1000448251,"Johnson, Blaize",10082492,"Pereira, Jake",10090799,"Minarik, Jake",1000414115,true
197d7303-619e-4e4b-bd3f-ff73083c07c6,138,2a175ac0-2d60-11f1-8dae-b3d58bc9f52b,74887264-4689-45e9-83d7-52a5b09fc14c,2026-03-31,20:17:26.67,2026-04-01,00:17:26.67,2026-03-31T20:17:26.6730000-04:00,2026-04-01T00:17:26.6730000Z,NCA_BUL,APP_MOU,BallCalled,Undefined,NoShift,75.90109,46.26727,138.50809,44.03757,72.18665,-51.83947,132.87694,-26.01909,259.63327,-128.44198,330.06182,12.83035,270.11185,146.54442,"Gillen, Patrick",804322,"Swangim, Zeb",1000239439,"Parks, Tyler",823708,"Lowe, Logan",1000448251,"Johnson, Blaize",10082492,"Pereira, Jake",10090799,"Minarik, Jake",1000414115,true
197d7303-619e-4e4b-bd3f-ff73083c07c6,139,3dd278b0-2d60-11f1-8dae-b3d58bc9f52b,38a76c26-80c2-494b-8b62-fd8dd4e711a7,2026-03-31,20:17:59.83,2026-04-01,00:17:59.83,2026-03-31T20:17:59.8361600-04:00,2026-04-01T00:17:59.8361600Z,NCA_BUL,APP_MOU,FoulBallNotFieldable,Undefined,NoShift,73.53463,49.16844,95.90323,23.79303,69.89028,-48.66671,94.68832,-25.21848,254.85632,-126.93963,315.45416,8.46544,265.13392,145.46195,"Gillen, Patrick",804322,"Swangim, Zeb",1000239439,"Parks, Tyler",823708,"Lowe, Logan",1000448251,"Johnson, Blaize",10082492,"Pereira, Jake",10090799,"Minarik, Jake",1000414115,true
197d7303-619e-4e4b-bd3f-ff73083c07c6,140,4b2fa500-2d60-11f1-8dae-b3d58bc9f52b,c9874767-3264-4455-a6c2-4afb004a3003,2026-03-31,20:18:22.24,2026-04-01,00:18:22.24,2026-03-31T20:18:22.2445056-04:00,2026-04-01T00:18:22.2445056Z,NCA_BUL,APP_MOU,StrikeSwinging,Undefined,NoShift,73.57819,48.83307,97.18971,24.21675,70.7931,-48.76264,95.73808,-25.90602,257.33135,-122.46183,319.58521,10.38126,266.03473,145.16248,"Gillen, Patrick",804322,"Swangim, Zeb",1000239439,"Parks, Tyler",823708,"Lowe, Logan",1000448251,"Johnson, Blaize",10082492,"Pereira, Jake",10090799,"Minarik, Jake",1000414115,true
197d7303-619e-4e4b-bd3f-ff73083c07c6,141,573c5c80-2d60-11f1-8dae-b3d58bc9f52b,bd522c88-95b0-4f3a-9f89-26fd29d37754,2026-03-31,20:18:42.47,2026-04-01,00:18:42.47,2026-03-31T20:18:42.4754176-04:00,2026-04-01T00:18:42.4754176Z,NCA_BUL,APP_MOU,BallinDirt,Undefined,NoShift,73.88627,49.37937,96.67761,25.2632,70.43715,-49.13881,94.68532,-24.61689,258.06619,-115.79284,305.57318,14.9832,251.34014,146.12367,"Gillen, Patrick",804322,"Swangim, Zeb",1000239439,"Parks, Tyler",823708,"Lowe, Logan",1000448251,"Johnson, Blaize",10082492,"Pereira, Jake",10090799,"Minarik, Jake",1000414115,true
197d7303-619e-4e4b-bd3f-ff73083c07c6,142,6be81c00-2d60-11f1-8dae-b3d58bc9f52b,0415f405-098b-4d92-9847-cf815bfe1c19,2026-03-31,20:19:17.12,2026-04-01,00:19:17.12,2026-03-31T20:19:17.1246592-04:00,2026-04-01T00:19:17.1246592Z,NCA_BUL,APP_MOU,BallCalled,Undefined,NoShift,87.64457,61.13078,140.25706,44.0214,85.04417,-65.0772,138.70212,-36.75411,266.37568,-124.0412,307.04306,16.08329,250.37122,146.14618,"Gillen, Patrick",804322,"Swangim, Zeb",1000239439,"Parks, Tyler",823708,"Lowe, Logan",1000448251,"Johnson, Blaize",10082492,"Pereira, Jake",10090799,"Minarik, Jake",1000414115,true
197d7303-619e-4e4b-bd3f-ff73083c07c6,143,76cc5910-2d60-11f1-8dae-b3d58bc9f52b,2ed33401-50e4-4de9-9f1b-7694b6717246,2026-03-31,20:19:35.40,2026-04-01,00:19:35.40,2026-03-31T20:19:35.4051584-04:00,2026-04-01T00:19:35.4051584Z,NCA_BUL,APP_MOU,InPlay,Out,NoShift,87.53022,61.01591,140.94979,44.58587,85.91314,-65.69445,138.04828,-37.25083,263.85367,-122.86249,303.08215,15.48145,247.63395,144.97006,"Gillen, Patrick",804322,"Swangim, Zeb",1000239439,"Parks, Tyler",823708,"Lowe, Logan",1000448251,"Johnson, Blaize",10082492,"Pereira, Jake",10090799,"Minarik, Jake",1000414115,true
197d7303-619e-4e4b-bd3f-ff73083c07c6,144,8d2b94f0-2d60-11f1-8dae-b3d58bc9f52b,e2e6039f-d86f-449f-b2e6-fd81a6919406,2026-03-31,20:20:12.92,2026-04-01,00:20:12.92,2026-03-31T20:20:12.9209856-04:00,2026-04-01T00:20:12.9209856Z,NCA_BUL,APP_MOU,StrikeCalled,Undefined,NoShift,91.63951,63.51458,146.35387,35.6475,87.0009,-71.98014,136.88838,-39.55911,262.68573,-130.18485,322.1932,0.88962,265.19776,139.33643,"Gillen, Patrick",804322,"Swangim, Zeb",1000239439,"Parks, Tyler",823708,"Lowe, Logan",1000448251,"Johnson, Blaize",10082492,"Pereira, Jake",10090799,"Minarik, Jake",1000414115,true
197d7303-619e-4e4b-bd3f-ff73083c07c6,145,96a8ef00-2d60-11f1-8dae-b3d58bc9f52b,37a44ba4-ddca-41b3-8318-3f913d70ff92,2026-03-31,20:20:28.86,2026-04-01,00:20:28.86,2026-03-31T20:20:28.8620032-04:00,2026-04-01T00:20:28.8620032Z,NCA_BUL,APP_MOU,BallCalled,Undefined,NoShift,89.66561,63.47341,145.17437,35.82889,87.01044,-71.48757,137.56626,-38.94921,264.22938,-130.73465,318.18668,0.44489,268.26441,140.65735,"Gillen, Patrick",804322,"Swangim, Zeb",1000239439,"Parks, Tyler",823708,"Lowe, Logan",1000448251,"Johnson, Blaize",10082492,"Pereira, Jake",10090799,"Minarik, Jake",1000414115,true
197d7303-619e-4e4b-bd3f-ff73083c07c6,146,a1a12940-2d60-11f1-8dae-b3d58bc9f52b,29574111-e8a8-4c4e-9b23-38954a01a880,2026-03-31,20:20:47.23,2026-04-01,00:20:47.23,2026-03-31T20:20:47.2371200-04:00,2026-04-01T00:20:47.2371200Z,NCA_BUL,APP_MOU,InPlay,Out,NoShift,89.69919,64.17755,145.26908,35.98598,87.38117,-72.04327,138.18074,-38.07958,261.80289,-128.41591,317.6153,0.01169,265.35424,140.25652,"Gillen, Patrick",804322,"Swangim, Zeb",1000239439,"Parks, Tyler",823708,"Lowe, Logan",1000448251,"Johnson, Blaize",10082492,"Pereira, Jake",10090799,"Minarik, Jake",1000414115,true
197d7303-619e-4e4b-bd3f-ff73083c07c6,147,f48b5b80-2d60-11f1-8dae-b3d58bc9f52b,4f3b88cb-dd09-416d-a8b4-4450fcdc75f2,2026-03-31,20:23:06.41,2026-04-01,00:23:06.41,2026-03-31T20:23:06.4136192-04:00,2026-04-01T00:23:06.4136192Z,APP_MOU,NCA_BUL,BallCalled,Undefined,NoShift,97.32045,65.16403,150.63371,32.29226,101.18908,-69.53358,142.71967,-46.08972,276.54136,-126.14519,316.1211,14.04755,249.68036,144.90916,"Puig, Ethan",813911,"Zamora, Joseph",1000128701,"Mummau, Jake",701417,"Xuereb, Jonathan",804436,"Soul, Nico",1000275968,"Evans, Charlie",813602,"Luft, Riley",1000102710,true
197d7303-619e-4e4b-bd3f-ff73083c07c6,148,fdbda2d0-2d60-11f1-8dae-b3d58bc9f52b,16e647ac-ff96-443c-9db8-8f18de694072,2026-03-31,20:23:21.71,2026-04-01,00:23:21.71,2026-03-31T20:23:21.7195008-04:00,2026-04-01T00:23:21.7195008Z,APP_MOU,NCA_BUL,BallCalled,Undefined,NoShift,96.60035,66.40174,149.44859,32.50697,101.8949,-70.45955,142.47482,-45.87349,273.65203,-124.06478,311.98459,14.78592,249.13323,144.17598,"Puig, Ethan",813911,"Zamora, Joseph",1000128701,"Mummau, Jake",701417,"Xuereb, Jonathan",804436,"Soul, Nico",1000275968,"Evans, Charlie",813602,"Luft, Riley",1000102710,true
197d7303-619e-4e4b-bd3f-ff73083c07c6,149,06898730-2d61-11f1-8dae-b3d58bc9f52b,a43d09e3-ce93-4c74-8686-78c514287852,2026-03-31,20:23:36.60,2026-04-01,00:23:36.60,2026-03-31T20:23:36.6078464-04:00,2026-04-01T00:23:36.6078464Z,APP_MOU,NCA_BUL,BallCalled,Undefined,NoShift,97.62767,66.03826,149.69305,32.0203,101.54682,-71.13189,142.92051,-46.71291,272.82324,-123.99467,314.91742,13.59898,250.31919,145.16332,"Puig, Ethan",813911,"Zamora, Joseph",1000128701,"Mummau, Jake",701417,"Xuereb, Jonathan",804436,"Soul, Nico",1000275968,"Evans, Charlie",813602,"Luft, Riley",1000102710,true
197d7303-619e-4e4b-bd3f-ff73083c07c6,150,109b8020-2d61-11f1-8dae-b3d58bc9f52b,53974378-d8f0-46d3-83dc-2f7fdae2f822,2026-03-31,20:23:53.46,2026-04-01,00:23:53.46,2026-03-31T20:23:53.4622720-04:00,2026-04-01T00:23:53.4622720Z,APP_MOU,NCA_BUL,StrikeCalled,Undefined,NoShift,96.13754,65.37217,149.70659,32.3482,102.05305,-71.50279,141.62506,-46.76559,273.91984,-125.85554,315.89495,12.71564,252.23177,146.48872,"Puig, Ethan",813911,"Zamora, Joseph",1000128701,"Mummau, Jake",701417,"Xuereb, Jonathan",804436,"Soul, Nico",1000275968,"Evans, Charlie",813602,"Luft, Riley",1000102710,true
197d7303-619e-4e4b-bd3f-ff73083c07c6,151,18ecdd50-2d61-11f1-8dae-b3d58bc9f52b,7cbe2364-7fb6-4186-9dd5-5e7084c77413,2026-03-31,20:24:07.44,2026-04-01,00:24:07.44,2026-03-31T20:24:07.4407936-04:00,2026-04-01T00:24:07.4407936Z,APP_MOU,NCA_BUL,BallCalled,Undefined,NoShift,96.50916,66.05428,149.39044,31.61291,100.28688,-71.0934,142.71678,-46.83834,273.8084,-125.14865,315.47571,13.34354,250.08671,145.42196,"Puig, Ethan",813911,"Zamora, Joseph",1000128701,"Mummau, Jake",701417,"Xuereb, Jonathan",804436,"Soul, Nico",1000275968,"Evans, Charlie",813602,"Luft, Riley",1000102710,true
197d7303-619e-4e4b-bd3f-ff73083c07c6,152,2a859070-2d61-11f1-8dae-b3d58bc9f52b,b1835de0-d3dc-4cd9-af89-489aba8530ea,2026-03-31,20:24:36.94,2026-04-01,00:24:36.94,2026-03-31T20:24:36.9467904-04:00,2026-04-01T00:24:36.9467904Z,APP_MOU,NCA_BUL,InPlay,Sacrifice,NoShift,65.08572,57.20358,146.85591,14.7555,73.80531,-53.69016,132.37074,-40.29093,274.41486,-124.33127,310.79551,13.21469,248.37821,144.76386,"Puig, Ethan",813911,"Zamora, Joseph",1000128701,"Mummau, Jake",701417,"Xuereb, Jonathan",804436,"Soul, Nico",1000275968,"Evans, Charlie",813602,"Luft, Riley",1000102710,true
197d7303-619e-4e4b-bd3f-ff73083c07c6,153,3ed32a60-2d61-11f1-8dae-b3d58bc9f52b,706d5a0d-6827-4f3a-9c2f-92576953ec05,2026-03-31,20:25:10.98,2026-04-01,00:25:10.98,2026-03-31T20:25:10.9815808-04:00,2026-04-01T00:25:10.9815808Z,APP_MOU,NCA_BUL,BallCalled,Undefined,NoShift,91.05027,74.61733,170.05003,62.02503,87.34384,-52.93955,147.99197,-18.66709,251.00422,-138.46097,320.13414,-19.49671,280.3542,139.07678,"Puig, Ethan",813911,"Zamora, Joseph",1000128701,"Mummau, Jake",701417,"Xuereb, Jonathan",804436,"Soul, Nico",1000275968,"Evans, Charlie",813602,"Luft, Riley",1000102710,true
197d7303-619e-4e4b-bd3f-ff73083c07c6,154,4974b920-2d61-11f1-8dae-b3d58bc9f52b,a970bce4-a5c5-41f3-9809-0fb58c3df4ff,2026-03-31,20:25:28.82,2026-04-01,00:25:28.82,2026-03-31T20:25:28.8211968-04:00,2026-04-01T00:25:28.8211968Z,APP_MOU,NCA_BUL,InPlay,Out,NoShift,90.76084,76.33926,170.00717,61.93774,88.43686,-53.97284,148.18262,-17.53805,246.53338,-136.56394,316.30729,-19.03891,280.58451,137.95614,"Puig, Ethan",813911,"Zamora, Joseph",1000128701,"Mummau, Jake",701417,"Xuereb, Jonathan",804436,"Soul, Nico",1000275968,"Evans, Charlie",813602,"Luft, Riley",1000102710,true
197d7303-619e-4e4b-bd3f-ff73083c07c6,155,635e0620-2d61-11f1-8dae-b3d58bc9f52b,44e4af55-f865-490f-a511-f3b235d2e0f0,2026-03-31,20:26:12.28,2026-04-01,00:26:12.28,2026-03-31T20:26:12.2866176-04:00,2026-04-01T00:26:12.2866176Z,APP_MOU,NCA_BUL,BallCalled,Undefined,NoShift,95.68022,67.45736,160.49691,52.01374,100.67105,-69.49041,153.58923,-10.0711,245.82289,-142.98177,318.8718,-16.67258,278.46389,132.69349,"Puig, Ethan",813911,"Zamora, Joseph",1000128701,"Mummau, Jake",701417,"Xuereb, Jonathan",804436,"Soul, Nico",1000275968,"Evans, Charlie",813602,"Luft, Riley",1000102710,true
197d7303-619e-4e4b-bd3f-ff73083c07c6,156,6d41c320-2d61-11f1-8dae-b3d58bc9f52b,d4d65511-3e20-4e2a-860a-60cfd6288af0,2026-03-31,20:26:28.88,2026-04-01,00:26:28.88,2026-03-31T20:26:28.8810000-04:00,2026-04-01T00:26:28.8810000Z,APP_MOU,NCA_BUL,BallCalled,Undefined,NoShift,95.11372,69.23207,161.30551,52.19752,99.88565,-68.73214,153.67676,-8.30778,246.22304,-142.85953,318.90491,-15.8228,280.94825,135.70219,"Puig, Ethan",813911,"Zamora, Joseph",1000128701,"Mummau, Jake",701417,"Xuereb, Jonathan",804436,"Soul, Nico",1000275968,"Evans, Charlie",813602,"Luft, Riley",1000102710,true
197d7303-619e-4e4b-bd3f-ff73083c07c6,157,77de6fe0-2d61-11f1-8dae-b3d58bc9f52b,3b413962-7782-4b92-9d02-22e8681a5f44,2026-03-31,20:26:46.66,2026-04-01,00:26:46.66,2026-03-31T20:26:46.6672640-04:00,2026-04-01T00:26:46.6672640Z,APP_MOU,NCA_BUL,BallinDirt,Undefined,NoShift,93.28727,69.71102,162.72848,53.57175,100.0029,-69.34968,153.91534,-8.42221,248.19507,-144.82565,318.90528,-25.34429,280.22602,135.04446,"Puig, Ethan",813911,"Zamora, Joseph",1000128701,"Mummau, Jake",701417,"Xuereb, Jonathan",804436,"Soul, Nico",1000275968,"Evans, Charlie",813602,"Luft, Riley",1000102710,true
197d7303-619e-4e4b-bd3f-ff73083c07c6,158,8a75a740-2d61-11f1-8dae-b3d58bc9f52b,b65d9816-ddd5-4223-b588-81b35b84d28d,2026-03-31,20:27:17.91,2026-04-01,00:27:17.91,2026-03-31T20:27:17.9122176-04:00,2026-04-01T00:27:17.9122176Z,APP_MOU,NCA_BUL,BallCalled,Undefined,NoShift,93.88868,69.86971,163.35621,56.10285,101.80411,-69.47009,153.15131,-9.10829,244.22073,-142.22409,323.90637,-26.88707,281.84849,136.21631,"Puig, Ethan",813911,"Zamora, Joseph",1000128701,"Mummau, Jake",701417,"Xuereb, Jonathan",804436,"Soul, Nico",1000275968,"Evans, Charlie",813602,"Luft, Riley",1000102710,true
197d7303-619e-4e4b-bd3f-ff73083c07c6,159,0ecbd3c0-2d62-11f1-8dae-b3d58bc9f52b,471fc480-a36b-40d9-9b25-30ad8577e20d,2026-03-31,20:30:59.91,2026-04-01,00:30:59.91,2026-03-31T20:30:59.9115776-04:00,2026-04-01T00:30:59.9115776Z,APP_MOU,NCA_BUL,BallCalled,Undefined,NoShift,64.54826,57.98246,146.69605,28.81638,99.30409,-70.95594,141.28783,-46.04642,274.99269,-124.21212,309.73501,14.14317,249.95971,147.31016,"Puig, Ethan",813911,"Zamora, Joseph",1000128701,"Mummau, Jake",701417,"Xuereb, Jonathan",804436,"Soul, Nico",1000275968,"Evans, Charlie",813602,"Luft, Riley",1000102710,true
197d7303-619e-4e4b-bd3f-ff73083c07c6,160,1a65a530-2d62-11f1-8dae-b3d58bc9f52b,ee500aa3-a67f-49e1-ad4e-03e5bfa1e189,2026-03-31,20:31:19.34,2026-04-01,00:31:19.34,2026-03-31T20:31:19.3462784-04:00,2026-04-01T00:31:19.3462784Z,APP_MOU,NCA_BUL,BallCalled,Undefined,NoShift,64.55165,58.32797,144.77526,28.18027,99.76724,-70.59824,141.28078,-45.6847,270.16849,-122.21291,308.89343,13.2199,247.8823,146.14355,"Puig, Ethan",813911,"Zamora, Joseph",1000128701,"Mummau, Jake",701417,"Xuereb, Jonathan",804436,"Soul, Nico",1000275968,"Evans, Charlie",813602,"Luft, Riley",1000102710,true
197d7303-619e-4e4b-bd3f-ff73083c07c6,161,2686f620-2d62-11f1-8dae-b3d58bc9f52b,ebdcfaf8-a639-4d0f-89af-d8de6e220ef2,2026-03-31,20:31:39.74,2026-04-01,00:31:39.74,2026-03-31T20:31:39.7480960-04:00,2026-04-01T00:31:39.7480960Z,APP_MOU,NCA_BUL,StrikeCalled,Undefined,NoShift,64.75566,58.36954,146.1757,28.0896,99.77052,-71.41248,141.37851,-46.20093,271.07269,-123.58472,311.97536,13.87383,250.63655,146.35642,"Puig, Ethan",813911,"Zamora, Joseph",1000128701,"Mummau, Jake",701417,"Xuereb, Jonathan",804436,"Soul, Nico",1000275968,"Evans, Charlie",813602,"Luft, Riley",1000102710,true
197d7303-619e-4e4b-bd3f-ff73083c07c6,162,32534940-2d62-11f1-8dae-b3d58bc9f52b,821e40cf-8816-42d0-81ed-ebf090011a30,2026-03-31,20:31:59.48,2026-04-01,00:31:59.48,2026-03-31T20:31:59.4865664-04:00,2026-04-01T00:31:59.4865664Z,APP_MOU,NCA_BUL,BallCalled,Undefined,NoShift,64.75683,58.22245,145.7121,27.8881,100.61971,-72.49227,141.39059,-46.53581,274.78829,-125.27645,311.83015,12.95722,249.70138,146.58722,"Puig, Ethan",813911,"Zamora, Joseph",1000128701,"Mummau, Jake",701417,"Xuereb, Jonathan",804436,"Soul, Nico",1000275968,"Evans, Charlie",813602,"Luft, Riley",1000102710,true
197d7303-619e-4e4b-bd3f-ff73083c07c6,163,47f4da70-2d62-11f1-8dae-b3d58bc9f52b,788c2f02-2168-4675-95f3-7a16d65511da,2026-03-31,20:32:35.82,2026-04-01,00:32:35.82,2026-03-31T20:32:35.8289920-04:00,2026-04-01T00:32:35.8289920Z,APP_MOU,NCA_BUL,StrikeCalled,Undefined,NoShift,64.68374,58.14925,149.4778,31.99103,99.03224,-71.98373,142.35066,-46.05019,271.22961,-123.37746,311.33522,13.7619,249.51433,145.63191,"Puig, Ethan",813911,"Zamora, Joseph",1000128701,"Mummau, Jake",701417,"Xuereb, Jonathan",804436,"Soul, Nico",1000275968,"Evans, Charlie",813602,"Luft, Riley",1000102710,true
197d7303-619e-4e4b-bd3f-ff73083c07c6,164,53c65db0-2d62-11f1-8dae-b3d58bc9f52b,1915f990-9bba-4ff2-9c83-4e79ea730a30,2026-03-31,20:32:55.67,2026-04-01,00:32:55.67,2026-03-31T20:32:55.6792320-04:00,2026-04-01T00:32:55.6792320Z,APP_MOU,NCA_BUL,FoulBallNotFieldable,Undefined,LeftInfieldShift,64.60679,58.10924,110.40281,-9.78431,97.89573,-71.4174,142.54613,-46.44368,271.9861,-123.12236,316.2745,14.10274,248.46529,146.25432,"Puig, Ethan",813911,"Zamora, Joseph",1000128701,"Mummau, Jake",701417,"Xuereb, Jonathan",804436,"Soul, Nico",1000275968,"Evans, Charlie",813602,"Luft, Riley",1000102710,true
197d7303-619e-4e4b-bd3f-ff73083c07c6,165,69fbf180-2d62-11f1-8dae-b3d58bc9f52b,774b32ed-56f1-49ac-8cfe-ef4f364f3d05,2026-03-31,20:33:32.89,2026-04-01,00:33:32.89,2026-03-31T20:33:32.8950000-04:00,2026-04-01T00:33:32.8950000Z,APP_MOU,NCA_BUL,StrikeCalled,Undefined,LeftInfieldShift,64.6793,58.25981,109.65114,-9.5814,95.69863,-71.04134,142.12245,-46.42953,272.70967,-124.13324,310.6225,13.96249,247.76988,145.88858,"Puig, Ethan",813911,"Zamora, Joseph",1000128701,"Mummau, Jake",701417,"Xuereb, Jonathan",804436,"Soul, Nico",1000275968,"Evans, Charlie",813602,"Luft, Riley",1000102710,true
197d7303-619e-4e4b-bd3f-ff73083c07c6,166,b8602670-2d62-11f1-8dae-b3d58bc9f52b,a1532057-3347-4a3f-8428-52abbcd217e4,2026-03-31,20:35:44.39,2026-04-01,00:35:44.39,2026-03-31T20:35:44.3970048-04:00,2026-04-01T00:35:44.3970048Z,NCA_BUL,APP_MOU,BallCalled,Undefined,NoShift,91.70158,62.32563,146.5188,31.95363,92.61852,-63.38754,133.7513,-43.96388,266.65029,-119.84777,321.72341,15.66603,266.63238,142.60772,"Gillen, Patrick",804322,"Swangim, Zeb",1000239439,"Parks, Tyler",823708,"Lowe, Logan",1000448251,"Johnson, Blaize",10082492,"Pereira, Jake",10090799,"Minarik, Jake",1000414115,true
197d7303-619e-4e4b-bd3f-ff73083c07c6,167,c16fca90-2d62-11f1-8dae-b3d58bc9f52b,6b7f60b7-c903-4444-ac9c-a9163d1aeeae,2026-03-31,20:35:59.56,2026-04-01,00:35:59.56,2026-03-31T20:35:59.5679232-04:00,2026-04-01T00:35:59.5679232Z,NCA_BUL,APP_MOU,BallCalled,Undefined,NoShift,90.66503,61.58306,145.1366,31.7307,92.26447,-63.20304,133.89966,-42.82361,266.76399,-119.56279,320.76817,15.49733,264.75685,142.41912,"Gillen, Patrick",804322,"Swangim, Zeb",1000239439,"Parks, Tyler",823708,"Lowe, Logan",1000448251,"Johnson, Blaize",10082492,"Pereira, Jake",10090799,"Minarik, Jake",1000414115,true
197d7303-619e-4e4b-bd3f-ff73083c07c6,168,cb5f4760-2d62-11f1-8dae-b3d58bc9f52b,ec732fb1-eb84-4084-8cdf-b25e5d192d20,2026-03-31,20:36:16.26,2026-04-01,00:36:16.26,2026-03-31T20:36:16.2652160-04:00,2026-04-01T00:36:16.2652160Z,NCA_BUL,APP_MOU,StrikeCalled,Undefined,NoShift,91.0446,60.55287,145.94629,34.46606,92.35959,-64.46432,133.53773,-43.41341,265.37825,-118.99215,317.72953,14.1923,270.64536,144.09873,"Gillen, Patrick",804322,"Swangim, Zeb",1000239439,"Parks, Tyler",823708,"Lowe, Logan",1000448251,"Johnson, Blaize",10082492,"Pereira, Jake",10090799,"Minarik, Jake",1000414115,true
197d7303-619e-4e4b-bd3f-ff73083c07c6,169,d5a596c0-2d62-11f1-8dae-b3d58bc9f52b,94f4e456-0663-49aa-9011-1bf6603c94ce,2026-03-31,20:36:33.52,2026-04-01,00:36:33.52,2026-03-31T20:36:33.5248384-04:00,2026-04-01T00:36:33.5248384Z,NCA_BUL,APP_MOU,BallCalled,Undefined,NoShift,91.67016,61.61643,146.45829,35.89912,92.10875,-64.27607,135.58197,-42.56253,266.12378,-119.72199,313.38926,14.08144,268.74905,143.61358,"Gillen, Patrick",804322,"Swangim, Zeb",1000239439,"Parks, Tyler",823708,"Lowe, Logan",1000448251,"Johnson, Blaize",10082492,"Pereira, Jake",10090799,"Minarik, Jake",1000414115,true
197d7303-619e-4e4b-bd3f-ff73083c07c6,170,e0049e40-2d62-11f1-8dae-b3d58bc9f52b,fd26e67e-4078-4e1e-bfb1-b6b3b4cc8ed6,2026-03-31,20:36:50.90,2026-04-01,00:36:50.90,2026-03-31T20:36:50.9088768-04:00,2026-04-01T00:36:50.9088768Z,NCA_BUL,APP_MOU,BallCalled,Undefined,NoShift,91.20767,61.72593,145.64356,34.90851,93.32781,-64.76529,134.87934,-41.81554,265.07155,-118.64668,313.97624,14.02502,264.27886,141.50486,"Gillen, Patrick",804322,"Swangim, Zeb",1000239439,"Parks, Tyler",823708,"Lowe, Logan",1000448251,"Johnson, Blaize",10082492,"Pereira, Jake",10090799,"Minarik, Jake",1000414115,true
197d7303-619e-4e4b-bd3f-ff73083c07c6,171,f48c33f0-2d62-11f1-8dae-b3d58bc9f52b,bb8505fe-f14d-495a-b166-4fd1f4b6c9f4,2026-03-31,20:37:25.35,2026-04-01,00:37:25.35,2026-03-31T20:37:25.3531136-04:00,2026-04-01T00:37:25.3531136Z,NCA_BUL,APP_MOU,BallCalled,Undefined,NoShift,62.97757,57.30284,136.97363,30.16733,69.94827,-48.42055,134.96611,-31.3154,261.94317,-134.55623,330.10673,-0.19751,266.11791,141.37964,"Gillen, Patrick",804322,"Swangim, Zeb",1000239439,"Parks, Tyler",823708,"Lowe, Logan",1000448251,"Johnson, Blaize",10082492,"Pereira, Jake",10090799,"Minarik, Jake",1000414115,true
197d7303-619e-4e4b-bd3f-ff73083c07c6,172,feedac70-2d62-11f1-8dae-b3d58bc9f52b,bd714caf-32e8-40d3-9a5f-23764bdcad7a,2026-03-31,20:37:42.77,2026-04-01,00:37:42.77,2026-03-31T20:37:42.7711488-04:00,2026-04-01T00:37:42.7711488Z,NCA_BUL,APP_MOU,BallCalled,Undefined,NoShift,62.5891,56.46786,138.21616,30.14317,86.1563,-64.27681,136.09931,-31.90466,263.41719,-135.11565,327.10189,-0.80968,265.32648,141.08043,"Gillen, Patrick",804322,"Swangim, Zeb",1000239439,"Parks, Tyler",823708,"Lowe, Logan",1000448251,"Johnson, Blaize",10082492,"Pereira, Jake",10090799,"Minarik, Jake",1000414115,true
197d7303-619e-4e4b-bd3f-ff73083c07c6,173,08b30c00-2d63-11f1-8dae-b3d58bc9f52b,38c620c4-cbf5-4e1c-9fa2-f294146ad8a3,2026-03-31,20:37:59.16,2026-04-01,00:37:59.16,2026-03-31T20:37:59.1634944-04:00,2026-04-01T00:37:59.1634944Z,NCA_BUL,APP_MOU,FoulBallNotFieldable,Undefined,NoShift,63.10753,56.16444,137.48184,30.33857,86.26468,-64.44855,135.42658,-32.06409,261.65828,-133.85821,325.31001,-0.84138,264.77383,140.74467,"Gillen, Patrick",804322,"Swangim, Zeb",1000239439,"Parks, Tyler",823708,"Lowe, Logan",1000448251,"Johnson, Blaize",10082492,"Pereira, Jake",10090799,"Minarik, Jake",1000414115,true
197d7303-619e-4e4b-bd3f-ff73083c07c6,174,20ab5e70-2d63-11f1-8dae-b3d58bc9f52b,f35bed41-02fa-457e-8983-2f2100ccfd6f,2026-03-31,20:38:39.32,2026-04-01,00:38:39.32,2026-03-31T20:38:39.3260544-04:00,2026-04-01T00:38:39.3260544Z,NCA_BUL,APP_MOU,StrikeCalled,Undefined,NoShift,63.09372,56.83881,137.78551,29.75906,83.78135,-60.6377,135.22188,-31.57917,262.45389,-136.58295,319.06432,-0.3667,264.79685,141.13824,"Gillen, Patrick",804322,"Swangim, Zeb",1000239439,"Parks, Tyler",823708,"Lowe, Logan",1000448251,"Johnson, Blaize",10082492,"Pereira, Jake",10090799,"Minarik, Jake",1000414115,true
197d7303-619e-4e4b-bd3f-ff73083c07c6,175,2b78df30-2d63-11f1-8dae-b3d58bc9f52b,78ff8616-a7f2-4c47-8541-ef6fed9fa131,2026-03-31,20:38:57.44,2026-04-01,00:38:57.44,2026-03-31T20:38:57.4496256-04:00,2026-04-01T00:38:57.4496256Z,NCA_BUL,APP_MOU,BallCalled,Undefined,NoShift,64.87125,58.00794,135.41755,19.71531,82.59089,-62.1082,137.82596,-25.18804,265.34618,-126.52331,327.25321,9.12297,253.50786,144.36741,"Gillen, Patrick",804322,"Swangim, Zeb",1000239439,"Parks, Tyler",823708,"Lowe, Logan",1000448251,"Johnson, Blaize",10082492,"Pereira, Jake",10090799,"Minarik, Jake",1000414115,true
197d7303-619e-4e4b-bd3f-ff73083c07c6,176,3db76f40-2d63-11f1-8dae-b3d58bc9f52b,5be8ee50-5aae-451d-8444-0492b39035ef,2026-03-31,20:39:28.05,2026-04-01,00:39:28.05,2026-03-31T20:39:28.0580000-04:00,2026-04-01T00:39:28.0580000Z,NCA_BUL,APP_MOU,BallCalled,Undefined,NoShift,92.53695,64.28229,135.51102,12.0102,87.98573,-67.89356,136.91976,-34.53342,262.42136,-133.61737,327.65517,8.67752,250.13487,143.13818,"Gillen, Patrick",804322,"Swangim, Zeb",1000239439,"Parks, Tyler",823708,"Lowe, Logan",1000448251,"Johnson, Blaize",10082492,"Pereira, Jake",10090799,"Minarik, Jake",1000414115,true
197d7303-619e-4e4b-bd3f-ff73083c07c6,177,53fa7090-2d63-11f1-8dae-b3d58bc9f52b,537376ae-f71a-478f-8235-cc2ad4514734,2026-03-31,20:40:05.35,2026-04-01,00:40:05.35,2026-03-31T20:40:05.3531648-04:00,2026-04-01T00:40:05.3531648Z,NCA_BUL,APP_MOU,StrikeCalled,Undefined,NoShift,89.08702,61.60621,139.72688,20.24048,84.81152,-64.95207,133.57704,-31.46796,258.97158,-134.97347,329.84439,0.49175,272.11569,144.07464,"Gillen, Patrick",804322,"Swangim, Zeb",1000239439,"Parks, Tyler",823708,"Lowe, Logan",1000448251,"Johnson, Blaize",10082492,"Pereira, Jake",10090799,"Minarik, Jake",1000414115,true
197d7303-619e-4e4b-bd3f-ff73083c07c6,178,5f6346f0-2d63-11f1-8dae-b3d58bc9f52b,a8afaa3e-fea4-4cfb-95e0-47cb0b941183,2026-03-31,20:40:24.53,2026-04-01,00:40:24.53,2026-03-31T20:40:24.5392896-04:00,2026-04-01T00:40:24.5392896Z,NCA_BUL,APP_MOU,StrikeCalled,Undefined,NoShift,89.45655,62.04506,138.5341,21.11028,82.80291,-64.02937,134.6597,-31.49491,264.46671,-137.63502,330.87729,0.45532,268.6288,142.34393,"Gillen, Patrick",804322,"Swangim, Zeb",1000239439,"Parks, Tyler",823708,"Lowe, Logan",1000448251,"Johnson, Blaize",10082492,"Pereira, Jake",10090799,"Minarik, Jake",1000414115,true
197d7303-619e-4e4b-bd3f-ff73083c07c6,179,6afe9f00-2d63-11f1-8dae-b3d58bc9f52b,aafe32e1-835b-4f63-957a-b9418fa64ec9,2026-03-31,20:40:44.01,2026-04-01,00:40:44.01,2026-03-31T20:40:44.0197632-04:00,2026-04-01T00:40:44.0197632Z,NCA_BUL,APP_MOU,BallCalled,Undefined,NoShift,89.45781,62.38856,138.71722,20.31694,83.77349,-64.98133,133.17532,-29.52932,265.14192,-126.66503,336.93507,9.05152,254.72088,149.14017,"Gillen, Patrick",804322,"Swangim, Zeb",1000239439,"Parks, Tyler",823708,"Lowe, Logan",1000448251,"Johnson, Blaize",10082492,"Pereira, Jake",10090799,"Minarik, Jake",1000414115,true
197d7303-619e-4e4b-bd3f-ff73083c07c6,180,78dcbb20-2d63-11f1-8dae-b3d58bc9f52b,823fa771-eab4-401a-957a-7e5cc93289ed,2026-03-31,20:41:07.29,2026-04-01,00:41:07.29,2026-03-31T20:41:07.2910848-04:00,2026-04-01T00:41:07.2910848Z,NCA_BUL,APP_MOU,FoulBallNotFieldable,Undefined,NoShift,89.19884,62.32763,138.36895,21.05959,83.85632,-64.30043,134.84578,-30.50484,263.19606,-129.88452,324.96371,8.55103,255.98976,147.84841,"Gillen, Patrick",804322,"Swangim, Zeb",1000239439,"Parks, Tyler",823708,"Lowe, Logan",1000448251,"Johnson, Blaize",10082492,"Pereira, Jake",10090799,"Minarik, Jake",1000414115,true
197d7303-619e-4e4b-bd3f-ff73083c07c6,181,89f43050-2d63-11f1-8dae-b3d58bc9f52b,870e8868-1336-4598-bda0-c273a6462246,2026-03-31,20:41:35.97,2026-04-01,00:41:35.97,2026-03-31T20:41:35.9791616-04:00,2026-04-01T00:41:35.9791616Z,NCA_BUL,APP_MOU,InPlay,Single,NoShift,90.1523,64.13537,137.20726,19.41037,84.6778,-67.79217,134.87201,-33.2488,269.34733,-133.22034,333.35246,1.78108,253.58106,145.38359,"Gillen, Patrick",804322,"Swangim, Zeb",1000239439,"Parks, Tyler",823708,"Lowe, Logan",1000448251,"Johnson, Blaize",10082492,"Pereira, Jake",10090799,"Minarik, Jake",1000414115,true
197d7303-619e-4e4b-bd3f-ff73083c07c6,182,084364d0-2d64-11f1-8dae-b3d58bc9f52b,dc33c6d8-b770-4e50-af80-6705dd869106,2026-03-31,20:45:07.92,2026-04-01,00:45:07.92,2026-03-31T20:45:07.9284736-04:00,2026-04-01T00:45:07.9284736Z,NCA_BUL,APP_MOU,BallCalled,Undefined,NoShift,70.68756,54.78525,125.15808,52.41192,87.85951,-51.1782,144.87699,-12.86755,268.48324,-128.02092,330.41799,-7.11009,272.39001,142.66597,"Gillen, Patrick",804322,"Swangim, Zeb",1000239439,"Parks, Tyler",823708,"Lowe, Logan",1000448251,"Johnson, Blaize",10082492,"Pereira, Jake",10090799,"Minarik, Jake",1000414115,true
197d7303-619e-4e4b-bd3f-ff73083c07c6,183,11334bf0-2d64-11f1-8dae-b3d58bc9f52b,538da6d0-5179-4c69-bc2e-2d4b8caf8885,2026-03-31,20:45:22.96,2026-04-01,00:45:22.96,2026-03-31T20:45:22.9659136-04:00,2026-04-01T00:45:22.9659136Z,NCA_BUL,APP_MOU,StrikeCalled,Undefined,NoShift,70.61177,54.42185,124.97307,53.77201,89.36122,-52.86192,144.59089,-12.45236,267.01497,-127.99554,335.81349,-6.69714,268.95151,140.2955,"Gillen, Patrick",804322,"Swangim, Zeb",1000239439,"Parks, Tyler",823708,"Lowe, Logan",1000448251,"Johnson, Blaize",10082492,"Pereira, Jake",10090799,"Minarik, Jake",1000414115,true
197d7303-619e-4e4b-bd3f-ff73083c07c6,184,1ba4f110-2d64-11f1-8dae-b3d58bc9f52b,3a57808f-f671-42ef-a0a1-5077a39a3172,2026-03-31,20:45:40.41,2026-04-01,00:45:40.41,2026-03-31T20:45:40.4174848-04:00,2026-04-01T00:45:40.4174848Z,NCA_BUL,APP_MOU,FoulBallNotFieldable,Undefined,NoShift,71.27782,54.24665,125.11248,54.35398,89.63264,-53.04112,144.42732,-11.81189,263.96031,-128.44605,327.29181,-6.66002,270.32659,140.95444,"Gillen, Patrick",804322,"Swangim, Zeb",1000239439,"Parks, Tyler",823708,"Lowe, Logan",1000448251,"Johnson, Blaize",10082492,"Pereira, Jake",10090799,"Minarik, Jake",1000414115,true
197d7303-619e-4e4b-bd3f-ff73083c07c6,185,28f9e000-2d64-11f1-8dae-b3d58bc9f52b,1fc85f13-45ba-4172-a6e7-8c255027d1eb,2026-03-31,20:46:02.82,2026-04-01,00:46:02.82,2026-03-31T20:46:02.8296704-04:00,2026-04-01T00:46:02.8296704Z,NCA_BUL,APP_MOU,InPlay,FieldersChoice,NoShift,72.71794,52.90849,125.93421,53.75414,91.0178,-53.27736,144.70442,-11.10704,250.42173,-140.27825,337.18638,-12.12644,269.21466,137.49304,"Gillen, Patrick",804322,"Swangim, Zeb",1000239439,"Parks, Tyler",823708,"Lowe, Logan",1000448251,"Johnson, Blaize",10082492,"Pereira, Jake",10090799,"Minarik, Jake",1000414115,true
197d7303-619e-4e4b-bd3f-ff73083c07c6,186,46116280-2d64-11f1-8dae-b3d58bc9f52b,002901e5-839f-4f25-993a-ab81adb22cff,2026-03-31,20:46:51.63,2026-04-01,00:46:51.63,2026-03-31T20:46:51.6315648-04:00,2026-04-01T00:46:51.6315648Z,NCA_BUL,APP_MOU,InPlay,Single,NoShift,63.03579,57.51958,130.83524,28.21043,87.42395,-62.08703,137.25125,-27.32591,275.26727,-132.23501,323.02007,7.96522,258.80044,138.37772,"Gillen, Patrick",804322,"Swangim, Zeb",1000239439,"Parks, Tyler",823708,"Lowe, Logan",1000448251,"Johnson, Blaize",10082492,"Pereira, Jake",10090799,"Minarik, Jake",1000414115,true
197d7303-619e-4e4b-bd3f-ff73083c07c6,187,5f8ef560-2d64-11f1-8dae-b3d58bc9f52b,42d70e37-629e-491a-82f9-334ca6a8ba25,2026-03-31,20:47:34.45,2026-04-01,00:47:34.45,2026-03-31T20:47:34.4534528-04:00,2026-04-01T00:47:34.4534528Z,NCA_BUL,APP_MOU,BallCalled,Undefined,NoShift,84.56963,65.88832,127.30319,52.40265,87.99062,-52.64347,149.43621,-10.3389,260.93902,-135.62925,333.15778,-0.1427,268.15901,142.51357,"Gillen, Patrick",804322,"Swangim, Zeb",1000239439,"Parks, Tyler",823708,"Lowe, Logan",1000448251,"Johnson, Blaize",10082492,"Pereira, Jake",10090799,"Minarik, Jake",1000414115,true
197d7303-619e-4e4b-bd3f-ff73083c07c6,188,6a63f030-2d64-11f1-8dae-b3d58bc9f52b,469fd17e-5988-44a7-bd6a-16a1fd8349fd,2026-03-31,20:47:52.59,2026-04-01,00:47:52.59,2026-03-31T20:47:52.5984768-04:00,2026-04-01T00:47:52.5984768Z,NCA_BUL,APP_MOU,FoulBallNotFieldable,Undefined,NoShift,85.72407,66.76918,127.74767,54.91079,88.26189,-53.79568,146.94861,-11.23207,263.90098,-138.05926,323.73405,1.2315,265.4535,141.38823,"Gillen, Patrick",804322,"Swangim, Zeb",1000239439,"Parks, Tyler",823708,"Lowe, Logan",1000448251,"Johnson, Blaize",10082492,"Pereira, Jake",10090799,"Minarik, Jake",1000414115,true
197d7303-619e-4e4b-bd3f-ff73083c07c6,189,784fef00-2d64-11f1-8dae-b3d58bc9f52b,c68e558c-367a-41e3-9fe8-bc4bb18beb01,2026-03-31,20:48:15.84,2026-04-01,00:48:15.84,2026-03-31T20:48:15.8424576-04:00,2026-04-01T00:48:15.8424576Z,NCA_BUL,APP_MOU,BallCalled,Undefined,NoShift,85.127,66.38956,128.11701,54.83199,87.9453,-56.39726,146.65044,-12.18453,260.75807,-138.34723,330.92353,0.47854,265.98816,141.09244,"Gillen, Patrick",804322,"Swangim, Zeb",1000239439,"Parks, Tyler",823708,"Lowe, Logan",1000448251,"Johnson, Blaize",10082492,"Pereira, Jake",10090799,"Minarik, Jake",1000414115,true
197d7303-619e-4e4b-bd3f-ff73083c07c6,190,83bb3660-2d64-11f1-8dae-b3d58bc9f52b,22a12ffc-bf77-4426-8bab-b12bf211860a,2026-03-31,20:48:35.10,2026-04-01,00:48:35.10,2026-03-31T20:48:35.1079424-04:00,2026-04-01T00:48:35.1079424Z,NCA_BUL,APP_MOU,InPlay,Single,NoShift,84.28193,65.62748,128.626,58.25099,88.89516,-57.54397,147.35686,-11.22086,265.61325,-139.36967,335.2564,2.44842,264.16387,141.04159,"Gillen, Patrick",804322,"Swangim, Zeb",1000239439,"Parks, Tyler",823708,"Lowe, Logan",1000448251,"Johnson, Blaize",10082492,"Pereira, Jake",10090799,"Minarik, Jake",1000414115,true
197d7303-619e-4e4b-bd3f-ff73083c07c6,191,9c7b93c0-2d64-11f1-8dae-b3d58bc9f52b,33afc1ac-98e2-4ef4-bc3a-963e8b02ed34,2026-03-31,20:49:16.66,2026-04-01,00:49:16.66,2026-03-31T20:49:16.6608896-04:00,2026-04-01T00:49:16.6608896Z,NCA_BUL,APP_MOU,BallCalled,Undefined,NoShift,85.08073,59.73415,137.81412,19.20307,84.82233,-63.97264,130.35035,-37.32811,262.19921,-136.94758,332.88068,5.67354,256.10445,136.11319,"Gillen, Patrick",804322,"Swangim, Zeb",1000239439,"Parks, Tyler",823708,"Lowe, Logan",1000448251,"Johnson, Blaize",10082492,"Pereira, Jake",10090799,"Minarik, Jake",1000414115,true
197d7303-619e-4e4b-bd3f-ff73083c07c6,192,a6d8c680-2d64-11f1-8dae-b3d58bc9f52b,0d84be68-a764-4c7f-9987-e059f79cf806,2026-03-31,20:49:34.00,2026-04-01,00:49:34.00,2026-03-31T20:49:34.0041216-04:00,2026-04-01T00:49:34.0041216Z,NCA_BUL,APP_MOU,StrikeSwinging,Undefined,NoShift,70.94598,47.57937,130.10883,15.73579,72.89397,-53.81862,131.75801,-35.85481,260.24652,-123.73059,325.09802,4.92469,255.41138,136.07091,"Gillen, Patrick",804322,"Swangim, Zeb",1000239439,"Parks, Tyler",823708,"Lowe, Logan",1000448251,"Johnson, Blaize",10082492,"Pereira, Jake",10090799,"Minarik, Jake",1000414115,true
197d7303-619e-4e4b-bd3f-ff73083c07c6,193,b30ab940-2d64-11f1-8dae-b3d58bc9f52b,eec6af7d-e800-4b03-ad08-e060aa027b02,2026-03-31,20:49:54.43,2026-04-01,00:49:54.43,2026-03-31T20:49:54.4367616-04:00,2026-04-01T00:49:54.4367616Z,NCA_BUL,APP_MOU,StrikeSwinging,Undefined,NoShift,86.13706,56.12858,135.15776,24.42482,85.18439,-67.4651,133.87285,-34.02962,258.99243,-120.98175,331.31561,5.74932,256.37318,136.44079,"Gillen, Patrick",804322,"Swangim, Zeb",1000239439,"Parks, Tyler",823708,"Lowe, Logan",1000448251,"Johnson, Blaize",10082492,"Pereira, Jake",10090799,"Minarik, Jake",1000414115,true
197d7303-619e-4e4b-bd3f-ff73083c07c6,194,be424670-2d64-11f1-8dae-b3d58bc9f52b,17e85c98-6de0-44b3-b275-6d6cf0514104,2026-03-31,20:50:13.21,2026-04-01,00:50:13.21,2026-03-31T20:50:13.2153344-04:00,2026-04-01T00:50:13.2153344Z,NCA_BUL,APP_MOU,BallCalled,Undefined,NoShift,88.3894,58.88347,136.12676,21.84906,84.10715,-66.93801,132.53114,-35.90236,257.98696,-114.65193,332.72109,12.47719,245.02154,138.15117,"Gillen, Patrick",804322,"Swangim, Zeb",1000239439,"Parks, Tyler",823708,"Lowe, Logan",1000448251,"Johnson, Blaize",10082492,"Pereira, Jake",10090799,"Minarik, Jake",1000414115,true
197d7303-619e-4e4b-bd3f-ff73083c07c6,195,cb1e0dc0-2d64-11f1-8dae-b3d58bc9f52b,85f81a38-0f36-428b-a0ac-97750d419fed,2026-03-31,20:50:34.87,2026-04-01,00:50:34.87,2026-03-31T20:50:34.8720640-04:00,2026-04-01T00:50:34.8720640Z,NCA_BUL,APP_MOU,BallCalled,Undefined,NoShift,87.24031,58.08418,137.78625,22.19408,83.93731,-64.79153,130.28028,-34.69243,259.29758,-117.05264,316.69441,10.77054,241.31527,135.25733,"Gillen, Patrick",804322,"Swangim, Zeb",1000239439,"Parks, Tyler",823708,"Lowe, Logan",1000448251,"Johnson, Blaize",10082492,"Pereira, Jake",10090799,"Minarik, Jake",1000414115,true
197d7303-619e-4e4b-bd3f-ff73083c07c6,196,da976350-2d64-11f1-8dae-b3d58bc9f52b,53854ee0-5167-4b13-816b-47a0de90ead9,2026-03-31,20:51:00.81,2026-04-01,00:51:00.81,2026-03-31T20:51:00.8104448-04:00,2026-04-01T00:51:00.8104448Z,NCA_BUL,APP_MOU,InPlay,Single,NoShift,88.25642,59.21635,137.66914,21.58298,85.90504,-65.67204,130.8405,-34.11971,261.05182,-123.63289,320.26452,9.47167,246.65278,136.85932,"Gillen, Patrick",804322,"Swangim, Zeb",1000239439,"Parks, Tyler",823708,"Lowe, Logan",1000448251,"Johnson, Blaize",10082492,"Pereira, Jake",10090799,"Minarik, Jake",1000414115,true
197d7303-619e-4e4b-bd3f-ff73083c07c6,197,f9c590d0-2d64-11f1-8dae-b3d58bc9f52b,5fe22cbb-333f-40bb-8350-62a9489c3bd4,2026-03-31,20:51:53.09,2026-04-01,00:51:53.09,2026-03-31T20:51:53.0985984-04:00,2026-04-01T00:51:53.0985984Z,NCA_BUL,APP_MOU,StrikeCalled,Undefined,NoShift,72.61272,46.77774,137.3056,19.92058,69.95111,-51.87983,134.12789,-30.43039,260.90541,-123.10765,320.34167,16.3415,253.54948,135.2212,"Gillen, Patrick",804322,"Swangim, Zeb",1000239439,"Parks, Tyler",823708,"Lowe, Logan",1000448251,"Johnson, Blaize",10082492,"Pereira, Jake",10090799,"Minarik, Jake",1000414115,true
197d7303-619e-4e4b-bd3f-ff73083c07c6,198,08daa650-2d65-11f1-8dae-b3d58bc9f52b,6dfe0df6-f8aa-401e-88df-d9945d72b86b,2026-03-31,20:52:18.44,2026-04-01,00:52:18.44,2026-03-31T20:52:18.4463872-04:00,2026-04-01T00:52:18.4463872Z,NCA_BUL,APP_MOU,BallCalled,Undefined,NoShift,87.17366,57.03652,140.018,21.75169,84.32399,-63.48116,134.0125,-28.62316,258.40181,-122.14618,313.84343,14.05387,251.28241,134.87289,"Gillen, Patrick",804322,"Swangim, Zeb",1000239439,"Parks, Tyler",823708,"Lowe, Logan",1000448251,"Johnson, Blaize",10082492,"Pereira, Jake",10090799,"Minarik, Jake",1000414115,true
197d7303-619e-4e4b-bd3f-ff73083c07c6,199,1fc5f590-2d65-11f1-8dae-b3d58bc9f52b,4b948bee-a60e-4641-8f1c-d7c0816506a3,2026-03-31,20:52:56.91,2026-04-01,00:52:56.91,2026-03-31T20:52:56.9198080-04:00,2026-04-01T00:52:56.9198080Z,NCA_BUL,APP_MOU,BallCalled,Undefined,NoShift,86.31551,60.85315,138.94137,19.11585,83.12098,-63.88564,135.9952,-30.14908,254.42872,-123.55113,318.33461,10.36684,255.41538,134.75971,"Gillen, Patrick",804322,"Swangim, Zeb",1000239439,"Parks, Tyler",823708,"Lowe, Logan",1000448251,"Johnson, Blaize",10082492,"Pereira, Jake",10090799,"Minarik, Jake",1000414115,true
197d7303-619e-4e4b-bd3f-ff73083c07c6,200,2d383080-2d65-11f1-8dae-b3d58bc9f52b,8f8bbf0d-908b-49fa-a57a-bbab8df35855,2026-03-31,20:53:19.41,2026-04-01,00:53:19.41,2026-03-31T20:53:19.4113024-04:00,2026-04-01T00:53:19.4113024Z,NCA_BUL,APP_MOU,BallCalled,Undefined,NoShift,85.69795,60.17141,139.18554,19.49686,84.07538,-64.58414,134.58683,-30.23835,254.51636,-126.0379,311.87935,9.53541,256.9055,135.02182,"Gillen, Patrick",804322,"Swangim, Zeb",1000239439,"Parks, Tyler",823708,"Lowe, Logan",1000448251,"Johnson, Blaize",10082492,"Pereira, Jake",10090799,"Minarik, Jake",1000414115,true
197d7303-619e-4e4b-bd3f-ff73083c07c6,201,3965dd80-2d65-11f1-8dae-b3d58bc9f52b,81ee04ce-65b0-40d7-98dd-57587ec3042a,2026-03-31,20:53:39.85,2026-04-01,00:53:39.85,2026-03-31T20:53:39.8532608-04:00,2026-04-01T00:53:39.8532608Z,NCA_BUL,APP_MOU,BallCalled,Undefined,NoShift,85.88203,60.73307,137.83774,19.03465,84.34859,-64.72346,136.27472,-29.9178,254.32351,-126.14841,311.41893,9.70167,255.51266,134.79028,"Gillen, Patrick",804322,"Swangim, Zeb",1000239439,"Parks, Tyler",823708,"Lowe, Logan",1000448251,"Johnson, Blaize",10082492,"Pereira, Jake",10090799,"Minarik, Jake",1000414115,true
197d7303-619e-4e4b-bd3f-ff73083c07c6,202,64aafbb0-2d65-11f1-8dae-b3d58bc9f52b,8e682735-c70c-450d-812b-1a068b4606f1,2026-03-31,20:54:52.47,2026-04-01,00:54:52.47,2026-03-31T20:54:52.4733952-04:00,2026-04-01T00:54:52.4733952Z,NCA_BUL,APP_MOU,StrikeCalled,Undefined,NoShift,71.85865,49.54929,143.69489,29.91144,85.27351,-63.15317,136.43724,-32.77706,256.58201,-132.66223,321.78034,-0.23706,262.18404,137.41658,"Gillen, Patrick",804322,"Swangim, Zeb",1000239439,"Parks, Tyler",823708,"Lowe, Logan",1000448251,"Johnson, Blaize",10082492,"Pereira, Jake",10090799,"Minarik, Jake",1000414115,true
197d7303-619e-4e4b-bd3f-ff73083c07c6,203,6ea61140-2d65-11f1-8dae-b3d58bc9f52b,fc9df2e7-807c-465b-af20-1d8db3b2c17d,2026-03-31,20:55:09.25,2026-04-01,00:55:09.25,2026-03-31T20:55:09.2541440-04:00,2026-04-01T00:55:09.2541440Z,NCA_BUL,APP_MOU,InPlay,Error,NoShift,71.87905,49.83863,142.60467,29.54304,85.40132,-64.12512,137.03095,-31.61772,252.09685,-131.08174,326.36758,-0.05721,259.63731,136.94149,"Gillen, Patrick",804322,"Swangim, Zeb",1000239439,"Parks, Tyler",823708,"Lowe, Logan",1000448251,"Johnson, Blaize",10082492,"Pereira, Jake",10090799,"Minarik, Jake",1000414115,true
197d7303-619e-4e4b-bd3f-ff73083c07c6,204,970d3cd0-2d65-11f1-8dae-b3d58bc9f52b,47c194c0-c1af-4d5b-bd76-454d000ece37,2026-03-31,20:56:17.02,2026-04-01,00:56:17.02,2026-03-31T20:56:17.0266624-04:00,2026-04-01T00:56:17.0266624Z,NCA_BUL,APP_MOU,BallCalled,Undefined,NoShift,71.77485,49.79029,143.84298,31.26713,70.12937,-51.92496,131.12313,-41.4639,259.96754,-133.51344,323.21759,8.55797,260.38639,138.50073,"Gillen, Patrick",804322,"Swangim, Zeb",1000239439,"Parks, Tyler",823708,"Lowe, Logan",1000448251,"Johnson, Blaize",10082492,"Pereira, Jake",10090799,"Minarik, Jake",1000414115,true
197d7303-619e-4e4b-bd3f-ff73083c07c6,205,a40ae400-2d65-11f1-8dae-b3d58bc9f52b,9658336f-adcc-4736-853e-c5c4b065ff0f,2026-03-31,20:56:38.79,2026-04-01,00:56:38.79,2026-03-31T20:56:38.7902976-04:00,2026-04-01T00:56:38.7902976Z,NCA_BUL,APP_MOU,BallCalled,Undefined,NoShift,72.42617,50.45779,144.26166,31.45397,70.21682,-52.20036,136.69332,-40.89396,263.19908,-133.40214,323.47131,8.96426,257.92999,138.03947,"Gillen, Patrick",804322,"Swangim, Zeb",1000239439,"Parks, Tyler",823708,"Lowe, Logan",1000448251,"Johnson, Blaize",10082492,"Pereira, Jake",10090799,"Minarik, Jake",1000414115,true
197d7303-619e-4e4b-bd3f-ff73083c07c6,206,af4d46a0-2d65-11f1-8dae-b3d58bc9f52b,8745e738-b96d-40e0-90fd-22c1538a6716,2026-03-31,20:56:57.65,2026-04-01,00:56:57.65,2026-03-31T20:56:57.6521216-04:00,2026-04-01T00:56:57.6521216Z,NCA_BUL,APP_MOU,BallCalled,Undefined,NoShift,71.95219,50.15787,144.62195,31.86947,69.54433,-51.25713,135.05921,-41.59593,261.16629,-131.03583,323.79699,8.40811,257.53721,137.55602,"Gillen, Patrick",804322,"Swangim, Zeb",1000239439,"Parks, Tyler",823708,"Lowe, Logan",1000448251,"Johnson, Blaize",10082492,"Pereira, Jake",10090799,"Minarik, Jake",1000414115,true
197d7303-619e-4e4b-bd3f-ff73083c07c6,207,bc14e9b0-2d65-11f1-8dae-b3d58bc9f52b,4dd2b3be-3164-4b5a-8a30-7cdb27151674,2026-03-31,20:57:19.12,2026-04-01,00:57:19.12,2026-03-31T20:57:19.1275520-04:00,2026-04-01T00:57:19.1275520Z,NCA_BUL,APP_MOU,StrikeCalled,Undefined,NoShift,71.86207,50.05116,144.82498,32.7975,71.48859,-53.42492,136.65276,-40.25939,265.12154,-133.91348,328.92096,8.79789,259.252,137.9687,"Gillen, Patrick",804322,"Swangim, Zeb",1000239439,"Parks, Tyler",823708,"Lowe, Logan",1000448251,"Johnson, Blaize",10082492,"Pereira, Jake",10090799,"Minarik, Jake",1000414115,true
197d7303-619e-4e4b-bd3f-ff73083c07c6,208,c6609040-2d65-11f1-8dae-b3d58bc9f52b,09181ea2-f6de-4be5-8a15-86efd9228733,2026-03-31,20:57:36.42,2026-04-01,00:57:36.42,2026-03-31T20:57:36.4267520-04:00,2026-04-01T00:57:36.4267520Z,NCA_BUL,APP_MOU,InPlay,Double,NoShift,71.80883,49.78364,145.35436,33.47967,70.22591,-52.68514,137.15365,-41.18923,261.87792,-132.93731,326.8833,8.67977,258.82374,138.04044,"Gillen, Patrick",804322,"Swangim, Zeb",1000239439,"Parks, Tyler",823708,"Lowe, Logan",1000448251,"Johnson, Blaize",10082492,"Pereira, Jake",10090799,"Minarik, Jake",1000414115,true
197d7303-619e-4e4b-bd3f-ff73083c07c6,209,385a6b80-2d66-11f1-8dae-b3d58bc9f52b,2a8d730c-83f6-457e-9094-bff7ff7bd384,2026-03-31,21:00:47.58,2026-04-01,01:00:47.58,2026-03-31T21:00:47.5861504-04:00,2026-04-01T01:00:47.5861504Z,NCA_BUL,APP_MOU,BallCalled,Undefined,NoShift,89.3059,63.896,135.90437,13.66626,86.15853,-65.82967,135.8476,-36.91402,271.93509,-117.78492,335.81664,-0.05154,267.22562,137.55632,"Gillen, Patrick",804322,"Swangim, Zeb",1000239439,"Parks, Tyler",823708,"Lowe, Logan",1000448251,"Johnson, Blaize",10082492,"Pereira, Jake",10090799,"Minarik, Jake",1000414115,true
197d7303-619e-4e4b-bd3f-ff73083c07c6,210,4280afc0-2d66-11f1-8dae-b3d58bc9f52b,53f30506-6da0-4a22-93c8-5ed6c69508b7,2026-03-31,21:01:04.61,2026-04-01,01:01:04.61,2026-03-31T21:01:04.6190080-04:00,2026-04-01T01:01:04.6190080Z,NCA_BUL,APP_MOU,BallCalled,Undefined,NoShift,88.81868,63.9243,136.96901,14.25149,85.79597,-67.21684,137.16929,-35.67787,269.21824,-124.24373,329.07777,-0.1808,267.0269,138.22963,"Gillen, Patrick",804322,"Swangim, Zeb",1000239439,"Parks, Tyler",823708,"Lowe, Logan",1000448251,"Johnson, Blaize",10082492,"Pereira, Jake",10090799,"Minarik, Jake",1000414115,true
197d7303-619e-4e4b-bd3f-ff73083c07c6,211,4d3db5c0-2d66-11f1-8dae-b3d58bc9f52b,a27c1db5-c134-4e1a-b4ea-58b1300dd751,2026-03-31,21:01:22.59,2026-04-01,01:01:22.59,2026-03-31T21:01:22.5900544-04:00,2026-04-01T01:01:22.5900544Z,NCA_BUL,APP_MOU,BallCalled,Undefined,NoShift,88.56943,63.96338,137.8433,13.57822,86.03981,-67.80396,137.26478,-35.03549,263.42275,-123.2281,324.61692,0.48084,264.17421,137.02111,"Gillen, Patrick",804322,"Swangim, Zeb",1000239439,"Parks, Tyler",823708,"Lowe, Logan",1000448251,"Johnson, Blaize",10082492,"Pereira, Jake",10090799,"Minarik, Jake",1000414115,true
197d7303-619e-4e4b-bd3f-ff73083c07c6,212,574882c0-2d66-11f1-8dae-b3d58bc9f52b,d89f5605-2425-452d-bb33-0f6972edaf78,2026-03-31,21:01:39.49,2026-04-01,01:01:39.49,2026-03-31T21:01:39.4992640-04:00,2026-04-01T01:01:39.4992640Z,NCA_BUL,APP_MOU,StrikeCalled,Undefined,NoShift,88.51486,63.55509,138.40403,16.44376,84.97407,-68.18424,139.39059,-35.97608,264.00249,-127.08462,336.93119,-0.94549,261.33642,136.3425,"Gillen, Patrick",804322,"Swangim, Zeb",1000239439,"Parks, Tyler",823708,"Lowe, Logan",1000448251,"Johnson, Blaize",10082492,"Pereira, Jake",10090799,"Minarik, Jake",1000414115,true
197d7303-619e-4e4b-bd3f-ff73083c07c6,213,5fdd5190-2d66-11f1-8dae-b3d58bc9f52b,e472d8ba-9f7a-4d5a-a8ad-cffe0dbe591b,2026-03-31,21:01:53.92,2026-04-01,01:01:53.92,2026-03-31T21:01:53.9245568-04:00,2026-04-01T01:01:53.9245568Z,NCA_BUL,APP_MOU,BallCalled,Undefined,NoShift,88.86135,63.90988,135.98763,18.68798,85.86065,-69.08647,140.11765,-37.83332,263.85758,-128.22727,331.23332,0.17147,265.55,138.5884,"Gillen, Patrick",804322,"Swangim, Zeb",1000239439,"Parks, Tyler",823708,"Lowe, Logan",1000448251,"Johnson, Blaize",10082492,"Pereira, Jake",10090799,"Minarik, Jake",1000414115,true
197d7303-619e-4e4b-bd3f-ff73083c07c6,214,77c72510-2d66-11f1-8dae-b3d58bc9f52b,b14b24f2-4a44-488c-a505-15bb1ae56005,2026-03-31,21:02:33.97,2026-04-01,01:02:33.97,2026-03-31T21:02:33.9787264-04:00,2026-04-01T01:02:33.9787264Z,NCA_BUL,APP_MOU,BallCalled,Undefined,NoShift,88.33938,62.61906,137.50576,15.84617,83.08053,-63.26998,136.32161,-32.0515,264.22815,-134.69591,329.10416,-0.32092,269.0133,140.64684,"Gillen, Patrick",804322,"Swangim, Zeb",1000239439,"Parks, Tyler",823708,"Lowe, Logan",1000448251,"Johnson, Blaize",10082492,"Pereira, Jake",10090799,"Minarik, Jake",1000414115,true
197d7303-619e-4e4b-bd3f-ff73083c07c6,215,82c022a0-2d66-11f1-8dae-b3d58bc9f52b,689f9021-ff6e-427a-b777-90a2af84de9b,2026-03-31,21:02:52.43,2026-04-01,01:02:52.43,2026-03-31T21:02:52.4342272-04:00,2026-04-01T01:02:52.4342272Z,NCA_BUL,APP_MOU,BallCalled,Undefined,NoShift,88.16801,62.79711,136.51813,17.50062,83.96226,-63.84737,136.65332,-31.56545,259.81148,-135.35586,335.89495,-0.39868,263.07164,138.97266,"Gillen, Patrick",804322,"Swangim, Zeb",1000239439,"Parks, Tyler",823708,"Lowe, Logan",1000448251,"Johnson, Blaize",10082492,"Pereira, Jake",10090799,"Minarik, Jake",1000414115,true
197d7303-619e-4e4b-bd3f-ff73083c07c6,216,8e8040c0-2d66-11f1-8dae-b3d58bc9f52b,1f2f8674-9456-4a34-99ec-9ed3dc9d583d,2026-03-31,21:03:12.17,2026-04-01,01:03:12.17,2026-03-31T21:03:12.1741824-04:00,2026-04-01T01:03:12.1741824Z,NCA_BUL,APP_MOU,StrikeCalled,Undefined,NoShift,87.56149,63.05204,137.94367,17.56962,84.86782,-64.4999,137.15053,-30.3341,260.78354,-135.50447,330.77155,-0.0846,264.09259,139.0384,"Gillen, Patrick",804322,"Swangim, Zeb",1000239439,"Parks, Tyler",823708,"Lowe, Logan",1000448251,"Johnson, Blaize",10082492,"Pereira, Jake",10090799,"Minarik, Jake",1000414115,true
197d7303-619e-4e4b-bd3f-ff73083c07c6,217,9916d300-2d66-11f1-8dae-b3d58bc9f52b,8dd1cd0d-6e05-4d93-9f31-37ee2229ebfc,2026-03-31,21:03:29.89,2026-04-01,01:03:29.89,2026-03-31T21:03:29.8936832-04:00,2026-04-01T01:03:29.8936832Z,NCA_BUL,APP_MOU,StrikeSwinging,Undefined,NoShift,87.13439,62.61278,138.55196,19.03361,86.41637,-65.12948,136.52601,-31.49116,260.86396,-136.0413,328.58448,5.63859,262.86161,138.53693,"Gillen, Patrick",804322,"Swangim, Zeb",1000239439,"Parks, Tyler",823708,"Lowe, Logan",1000448251,"Johnson, Blaize",10082492,"Pereira, Jake",10090799,"Minarik, Jake",1000414115,true
197d7303-619e-4e4b-bd3f-ff73083c07c6,218,a40dfbd0-2d66-11f1-8dae-b3d58bc9f52b,2e43d228-c2cc-4b18-bf9b-9e571ed29f4b,2026-03-31,21:03:48.27,2026-04-01,01:03:48.27,2026-03-31T21:03:48.2795520-04:00,2026-04-01T01:03:48.2795520Z,NCA_BUL,APP_MOU,InPlay,Out,NoShift,85.93602,62.74674,138.25452,18.04018,85.97068,-67.01545,137.07911,-32.4492,262.32501,-135.02464,335.05817,7.1999,245.7683,141.19259,"Gillen, Patrick",804322,"Swangim, Zeb",1000239439,"Parks, Tyler",823708,"Lowe, Logan",1000448251,"Johnson, Blaize",10082492,"Pereira, Jake",10090799,"Minarik, Jake",1000414115,true
197d7303-619e-4e4b-bd3f-ff73083c07c6,219,be8753d0-2d66-11f1-8dae-b3d58bc9f52b,f7724ad1-dc5d-4d3e-94d3-fb4d913a88cb,2026-03-31,21:04:32.67,2026-04-01,01:04:32.67,2026-03-31T21:04:32.6731776-04:00,2026-04-01T01:04:32.6731776Z,NCA_BUL,APP_MOU,InPlay,Out,NoShift,92.05156,78.58498,131.28174,61.79216,89.23922,-51.89889,150.41832,-12.49538,269.94948,-132.10441,333.5368,-4.49321,267.67032,139.69186,"Gillen, Patrick",804322,"Swangim, Zeb",1000239439,"Parks, Tyler",823708,"Lowe, Logan",1000448251,"Johnson, Blaize",10082492,"Pereira, Jake",10090799,"Minarik, Jake",1000414115,true
197d7303-619e-4e4b-bd3f-ff73083c07c6,220,14f3a7f0-2d67-11f1-8dae-b3d58bc9f52b,72385ada-21ba-4091-9488-3354e395e25f,2026-03-31,21:06:57.70,2026-04-01,01:06:57.70,2026-03-31T21:06:57.7011200-04:00,2026-04-01T01:06:57.7011200Z,APP_MOU,NCA_BUL,BallCalled,Undefined,NoShift,95.46885,56.84013,147.1484,35.91039,100.6042,-69.32811,142.88625,-46.16215,275.74302,-124.92649,316.16976,13.80373,250.4853,146.08349,"Puig, Ethan",813911,"Zamora, Joseph",1000128701,"Mummau, Jake",701417,"Xuereb, Jonathan",804436,"Soul, Nico",1000275968,"Evans, Charlie",813602,"Luft, Riley",1000102710,true
197d7303-619e-4e4b-bd3f-ff73083c07c6,221,1e946880-2d67-11f1-8dae-b3d58bc9f52b,cbad43db-1680-4f2f-9795-c2bfc4106726,2026-03-31,21:07:13.89,2026-04-01,01:07:13.89,2026-03-31T21:07:13.8948608-04:00,2026-04-01T01:07:13.8948608Z,APP_MOU,NCA_BUL,InPlay,Single,NoShift,96.99669,56.68635,147.96172,35.67773,100.96669,-69.87613,142.88273,-46.65511,273.78813,-123.96092,314.2685,13.86321,248.01293,143.6456,"Puig, Ethan",813911,"Zamora, Joseph",1000128701,"Mummau, Jake",701417,"Xuereb, Jonathan",804436,"Soul, Nico",1000275968,"Evans, Charlie",813602,"Luft, Riley",1000102710,true
197d7303-619e-4e4b-bd3f-ff73083c07c6,222,384651d0-2d67-11f1-8dae-b3d58bc9f52b,e8dbe660-18e9-4a52-a992-985e5f1c3194,2026-03-31,21:07:56.92,2026-04-01,01:07:56.92,2026-03-31T21:07:56.9281536-04:00,2026-04-01T01:07:56.9281536Z,APP_MOU,NCA_BUL,FoulBallNotFieldable,Undefined,NoShift,64.54491,57.74217,138.90784,27.10759,83.19561,-58.66825,133.74778,-38.20369,272.02137,-122.88993,314.05807,13.78501,250.828,143.49207,"Puig, Ethan",813911,"Zamora, Joseph",1000128701,"Mummau, Jake",701417,"Xuereb, Jonathan",804436,"Soul, Nico",1000275968,"Evans, Charlie",813602,"Luft, Riley",1000102710,true
197d7303-619e-4e4b-bd3f-ff73083c07c6,223,46cdf460-2d67-11f1-8dae-b3d58bc9f52b,fa6f99f7-44fd-4924-beab-7840779ffb18,2026-03-31,21:08:21.32,2026-04-01,01:08:21.32,2026-03-31T21:08:21.3294592-04:00,2026-04-01T01:08:21.3294592Z,APP_MOU,NCA_BUL,BallCalled,Undefined,NoShift,64.9435,57.82367,139.13529,27.37721,83.67905,-59.35059,133.74675,-37.50833,272.53594,-122.79556,312.7904,13.76887,249.27119,145.40897,"Puig, Ethan",813911,"Zamora, Joseph",1000128701,"Mummau, Jake",701417,"Xuereb, Jonathan",804436,"Soul, Nico",1000275968,"Evans, Charlie",813602,"Luft, Riley",1000102710,true
197d7303-619e-4e4b-bd3f-ff73083c07c6,224,5181f9b0-2d67-11f1-8dae-b3d58bc9f52b,7fb68c31-112c-48a0-af1d-11953324a7b5,2026-03-31,21:08:39.24,2026-04-01,01:08:39.24,2026-03-31T21:08:39.2424960-04:00,2026-04-01T01:08:39.2424960Z,APP_MOU,NCA_BUL,BallCalled,Undefined,NoShift,64.31698,57.79206,140.48967,26.91824,84.0462,-59.79299,134.97371,-39.32662,273.51703,-122.80546,315.60092,13.55383,248.19566,144.40132,"Puig, Ethan",813911,"Zamora, Joseph",1000128701,"Mummau, Jake",701417,"Xuereb, Jonathan",804436,"Soul, Nico",1000275968,"Evans, Charlie",813602,"Luft, Riley",1000102710,true
197d7303-619e-4e4b-bd3f-ff73083c07c6,225,5e53d5f0-2d67-11f1-8dae-b3d58bc9f52b,02dfa604-df1e-4083-b868-ca3335abe003,2026-03-31,21:09:00.80,2026-04-01,01:09:00.80,2026-03-31T21:09:00.8073728-04:00,2026-04-01T01:09:00.8073728Z,APP_MOU,NCA_BUL,FoulBallNotFieldable,Undefined,NoShift,64.91168,57.84905,140.78551,27.4627,82.96533,-60.17565,133.30987,-38.29804,272.05449,-123.27648,315.13564,13.85047,251.71856,146.85705,"Puig, Ethan",813911,"Zamora, Joseph",1000128701,"Mummau, Jake",701417,"Xuereb, Jonathan",804436,"Soul, Nico",1000275968,"Evans, Charlie",813602,"Luft, Riley",1000102710,true
197d7303-619e-4e4b-bd3f-ff73083c07c6,226,7a9ae910-2d67-11f1-8dae-b3d58bc9f52b,4d62386f-4fd1-40b7-ad5b-511722e3afc6,2026-03-31,21:09:48.24,2026-04-01,01:09:48.24,2026-03-31T21:09:48.2480128-04:00,2026-04-01T01:09:48.2480128Z,APP_MOU,NCA_BUL,InPlay,Out,NoShift,64.58025,58.08896,141.18748,26.91404,83.3741,-60.59593,133.8201,-38.27991,274.89502,-123.91427,314.11882,12.81999,251.78503,147.50861,"Puig, Ethan",813911,"Zamora, Joseph",1000128701,"Mummau, Jake",701417,"Xuereb, Jonathan",804436,"Soul, Nico",1000275968,"Evans, Charlie",813602,"Luft, Riley",1000102710,true
197d7303-619e-4e4b-bd3f-ff73083c07c6,227,915452e0-2d67-11f1-8dae-b3d58bc9f52b,c446f90c-b973-491d-b8cf-68017d4a9808,2026-03-31,21:10:26.39,2026-04-01,01:10:26.39,2026-03-31T21:10:26.3974912-04:00,2026-04-01T01:10:26.3974912Z,APP_MOU,NCA_BUL,BallCalled,Undefined,NoShift,63.89782,57.67965,140.15534,25.14597,82.84043,-59.41804,133.71824,-38.02364,275.01033,-123.36598,312.71049,13.71059,251.95404,145.8978,"Puig, Ethan",813911,"Zamora, Joseph",1000128701,"Mummau, Jake",701417,"Xuereb, Jonathan",804436,"Soul, Nico",1000275968,"Evans, Charlie",813602,"Luft, Riley",1000102710,true
197d7303-619e-4e4b-bd3f-ff73083c07c6,228,a6a37e50-2d67-11f1-8dae-b3d58bc9f52b,9ab881c4-09d6-41c0-bdd3-ce7b906be67f,2026-03-31,21:11:02.15,2026-04-01,01:11:02.15,2026-03-31T21:11:02.1519360-04:00,2026-04-01T01:11:02.1519360Z,APP_MOU,NCA_BUL,InPlay,Single,NoShift,64.57679,58.29348,141.24121,27.07106,82.91136,-60.08269,134.72163,-39.475,272.70816,-123.6098,315.03048,13.70864,249.19262,146.72223,"Puig, Ethan",813911,"Zamora, Joseph",1000128701,"Mummau, Jake",701417,"Xuereb, Jonathan",804436,"Soul, Nico",1000275968,"Evans, Charlie",813602,"Luft, Riley",1000102710,true
197d7303-619e-4e4b-bd3f-ff73083c07c6,229,c057d8a0-2d67-11f1-8dae-b3d58bc9f52b,1103a27c-f6ac-4dd0-80c1-7ee6f9e4a405,2026-03-31,21:11:45.26,2026-04-01,01:11:45.26,2026-03-31T21:11:45.2602368-04:00,2026-04-01T01:11:45.2602368Z,APP_MOU,NCA_BUL,StrikeSwinging,Undefined,NoShift,88.91246,61.27294,141.37635,23.434,80.55954,-59.1159,134.46479,-38.30355,272.73963,-121.86113,312.72026,14.18297,247.89492,143.33151,"Puig, Ethan",813911,"Zamora, Joseph",1000128701,"Mummau, Jake",701417,"Xuereb, Jonathan",804436,"Soul, Nico",1000275968,"Evans, Charlie",813602,"Luft, Riley",1000102710,true
197d7303-619e-4e4b-bd3f-ff73083c07c6,230,cb66cf30-2d67-11f1-8dae-b3d58bc9f52b,3c0e8a8e-940c-4d70-ad9c-e3e1c2c96b7f,2026-03-31,21:12:03.81,2026-04-01,01:12:03.81,2026-03-31T21:12:03.8140416-04:00,2026-04-01T01:12:03.8140416Z,APP_MOU,NCA_BUL,StrikeCalled,Undefined,NoShift,84.22459,61.03152,140.96719,25.85279,81.85385,-60.75386,134.50587,-38.67572,269.63984,-121.87878,311.61566,13.75062,252.3156,145.70421,"Puig, Ethan",813911,"Zamora, Joseph",1000128701,"Mummau, Jake",701417,"Xuereb, Jonathan",804436,"Soul, Nico",1000275968,"Evans, Charlie",813602,"Luft, Riley",1000102710,true
197d7303-619e-4e4b-bd3f-ff73083c07c6,231,d7900f60-2d67-11f1-8dae-b3d58bc9f52b,d791410a-f713-4b4a-8a54-a5dde89bf4eb,2026-03-31,21:12:24.18,2026-04-01,01:12:24.18,2026-03-31T21:12:24.1840128-04:00,2026-04-01T01:12:24.1840128Z,APP_MOU,NCA_BUL,StrikeCalled,Undefined,NoShift,86.28318,61.8795,142.11499,24.43813,82.72321,-60.74081,133.74051,-37.96057,266.68327,-120.13654,314.75853,13.36096,250.653,144.15918,"Puig, Ethan",813911,"Zamora, Joseph",1000128701,"Mummau, Jake",701417,"Xuereb, Jonathan",804436,"Soul, Nico",1000275968,"Evans, Charlie",813602,"Luft, Riley",1000102710,true
197d7303-619e-4e4b-bd3f-ff73083c07c6,232,ebd98aa0-2d67-11f1-8dae-b3d58bc9f52b,8a5e814b-f601-407e-869c-111f3190cd76,2026-03-31,21:12:58.23,2026-04-01,01:12:58.23,2026-03-31T21:12:58.2302208-04:00,2026-04-01T01:12:58.2302208Z,APP_MOU,NCA_BUL,BallCalled,Undefined,NoShift,93.25064,67.49102,141.39946,26.8788,96.37229,-70.87509,142.84447,-46.02651,275.24782,-123.74163,312.45401,13.87831,247.12108,142.81795,"Puig, Ethan",813911,"Zamora, Joseph",1000128701,"Mummau, Jake",701417,"Xuereb, Jonathan",804436,"Soul, Nico",1000275968,"Evans, Charlie",813602,"Luft, Riley",1000102710,true
197d7303-619e-4e4b-bd3f-ff73083c07c6,233,f9a68fc0-2d67-11f1-8dae-b3d58bc9f52b,5f8c705b-1cf5-4b6f-a0ca-17a2580a1a85,2026-03-31,21:13:21.37,2026-04-01,01:13:21.37,2026-03-31T21:13:21.3721600-04:00,2026-04-01T01:13:21.3721600Z,APP_MOU,NCA_BUL,StrikeCalled,Undefined,NoShift,93.20886,67.23558,143.09008,23.27886,97.11902,-70.8253,142.56644,-46.39919,272.60028,-122.80193,315.24535,13.68088,251.07759,143.24443,"Puig, Ethan",813911,"Zamora, Joseph",1000128701,"Mummau, Jake",701417,"Xuereb, Jonathan",804436,"Soul, Nico",1000275968,"Evans, Charlie",813602,"Luft, Riley",1000102710,true
197d7303-619e-4e4b-bd3f-ff73083c07c6,234,04f43d00-2d68-11f1-8dae-b3d58bc9f52b,1b0f3aac-45e5-40c4-90ba-7d01ac672ea7,2026-03-31,21:13:40.33,2026-04-01,01:13:40.33,2026-03-31T21:13:40.3348480-04:00,2026-04-01T01:13:40.3348480Z,APP_MOU,NCA_BUL,InPlay,Out,NoShift,93.91835,67.90543,144.55541,23.3589,96.79501,-70.35301,140.88952,-46.29022,274.46283,-124.22631,311.08618,14.27229,246.83105,142.68619,"Puig, Ethan",813911,"Zamora, Joseph",1000128701,"Mummau, Jake",701417,"Xuereb, Jonathan",804436,"Soul, Nico",1000275968,"Evans, Charlie",813602,"Luft, Riley",1000102710,true
197d7303-619e-4e4b-bd3f-ff73083c07c6,235,5085f100-2d68-11f1-8dae-b3d58bc9f52b,e68898fc-364a-444e-b627-eb8035a24a1c,2026-03-31,21:15:47.08,2026-04-01,01:15:47.08,2026-03-31T21:15:47.0897664-04:00,2026-04-01T01:15:47.0897664Z,NCA_BUL,APP_MOU,StrikeSwinging,Undefined,NoShift,89.69731,62.53051,147.16333,32.04387,87.35884,-69.1209,138.1209,-37.11845,259.74988,-120.62747,321.74954,12.51986,261.28905,139.98474,"Gillen, Patrick",804322,"Swangim, Zeb",1000239439,"Parks, Tyler",823708,"Lowe, Logan",1000448251,"Johnson, Blaize",10082492,"Pereira, Jake",10090799,"Minarik, Jake",1000414115,true
197d7303-619e-4e4b-bd3f-ff73083c07c6,236,5a7a01b0-2d68-11f1-8dae-b3d58bc9f52b,d4065d21-6117-4480-9e2c-b6633ed4ce56,2026-03-31,21:16:03.80,2026-04-01,01:16:03.80,2026-03-31T21:16:03.8080000-04:00,2026-04-01T01:16:03.8080000Z,NCA_BUL,APP_MOU,BallCalled,Undefined,NoShift,89.97846,62.07903,146.35084,32.91995,87.37085,-70.37902,137.57646,-36.29228,256.44536,-120.08427,323.15616,13.15374,257.97877,138.91289,"Gillen, Patrick",804322,"Swangim, Zeb",1000239439,"Parks, Tyler",823708,"Lowe, Logan",1000448251,"Johnson, Blaize",10082492,"Pereira, Jake",10090799,"Minarik, Jake",1000414115,true
197d7303-619e-4e4b-bd3f-ff73083c07c6,237,64a0bb20-2d68-11f1-8dae-b3d58bc9f52b,db0341c9-b832-470b-99c5-357525183959,2026-03-31,21:16:20.85,2026-04-01,01:16:20.85,2026-03-31T21:16:20.8524800-04:00,2026-04-01T01:16:20.8524800Z,NCA_BUL,APP_MOU,InPlay,Out,NoShift,91.34989,63.55851,146.75257,33.36909,86.81894,-70.93682,137.6901,-35.87227,258.90417,-121.57765,322.6233,13.01169,260.07745,139.25015,"Gillen, Patrick",804322,"Swangim, Zeb",1000239439,"Parks, Tyler",823708,"Lowe, Logan",1000448251,"Johnson, Blaize",10082492,"Pereira, Jake",10090799,"Minarik, Jake",1000414115,true
197d7303-619e-4e4b-bd3f-ff73083c07c6,238,7ca45830-2d68-11f1-8dae-b3d58bc9f52b,24da7ec7-9517-4726-ae48-758c58fbe831,2026-03-31,21:17:01.18,2026-04-01,01:17:01.18,2026-03-31T21:17:01.1811840-04:00,2026-04-01T01:17:01.1811840Z,NCA_BUL,APP_MOU,StrikeCalled,Undefined,NoShift,88.83711,72.83658,133.5822,55.76892,85.01692,-51.24881,152.36495,-10.47997,258.73665,-130.788,336.78298,0.2893,276.02681,145.1663,"Gillen, Patrick",804322,"Swangim, Zeb",1000239439,"Parks, Tyler",823708,"Lowe, Logan",1000448251,"Johnson, Blaize",10082492,"Pereira, Jake",10090799,"Minarik, Jake",1000414115,true
197d7303-619e-4e4b-bd3f-ff73083c07c6,239,8582da30-2d68-11f1-8dae-b3d58bc9f52b,d3b621f6-5073-437f-8033-3f754d590873,2026-03-31,21:17:15.99,2026-04-01,01:17:15.99,2026-03-31T21:17:15.9985664-04:00,2026-04-01T01:17:15.9985664Z,NCA_BUL,APP_MOU,BallCalled,Undefined,NoShift,90.34392,75.17937,134.69492,56.55011,87.61332,-54.82258,153.40645,-9.436,257.70017,-129.71789,324.69224,0.13098,268.54192,142.3584,"Gillen, Patrick",804322,"Swangim, Zeb",1000239439,"Parks, Tyler",823708,"Lowe, Logan",1000448251,"Johnson, Blaize",10082492,"Pereira, Jake",10090799,"Minarik, Jake",1000414115,true
197d7303-619e-4e4b-bd3f-ff73083c07c6,240,8f70d060-2d68-11f1-8dae-b3d58bc9f52b,04c47961-c4be-41ce-ba13-41cf2f8dbc46,2026-03-31,21:17:32.68,2026-04-01,01:17:32.68,2026-03-31T21:17:32.6899200-04:00,2026-04-01T01:17:32.6899200Z,NCA_BUL,APP_MOU,BallCalled,Undefined,NoShift,90.11932,75.3827,134.63819,56.91633,90.21873,-56.02273,152.51916,-9.04464,257.62578,-130.49733,333.02562,0.3702,268.22168,142.25051,"Gillen, Patrick",804322,"Swangim, Zeb",1000239439,"Parks, Tyler",823708,"Lowe, Logan",1000448251,"Johnson, Blaize",10082492,"Pereira, Jake",10090799,"Minarik, Jake",1000414115,true
197d7303-619e-4e4b-bd3f-ff73083c07c6,241,99ce9f60-2d68-11f1-8dae-b3d58bc9f52b,7765e647-ce70-49af-a8b1-e15c6812259e,2026-03-31,21:17:50.09,2026-04-01,01:17:50.09,2026-03-31T21:17:50.0934144-04:00,2026-04-01T01:17:50.0934144Z,NCA_BUL,APP_MOU,StrikeSwinging,Undefined,NoShift,89.37079,75.22998,133.56926,58.05576,89.28035,-55.13554,153.52183,-8.85524,259.87628,-131.58073,325.90121,0.09994,270.26573,143.13272,"Gillen, Patrick",804322,"Swangim, Zeb",1000239439,"Parks, Tyler",823708,"Lowe, Logan",1000448251,"Johnson, Blaize",10082492,"Pereira, Jake",10090799,"Minarik, Jake",1000414115,true
197d7303-619e-4e4b-bd3f-ff73083c07c6,242,a4956960-2d68-11f1-8dae-b3d58bc9f52b,8080065e-8f03-4249-a877-9121d7f811e8,2026-03-31,21:18:08.17,2026-04-01,01:18:08.17,2026-03-31T21:18:08.1723392-04:00,2026-04-01T01:18:08.1723392Z,NCA_BUL,APP_MOU,FoulBallNotFieldable,Undefined,NoShift,89.67815,75.46938,131.88251,57.87134,91.81655,-59.11632,154.16733,-9.10697,241.48364,-138.73017,335.81192,-3.76709,267.83664,137.98367,"Gillen, Patrick",804322,"Swangim, Zeb",1000239439,"Parks, Tyler",823708,"Lowe, Logan",1000448251,"Johnson, Blaize",10082492,"Pereira, Jake",10090799,"Minarik, Jake",1000414115,true
197d7303-619e-4e4b-bd3f-ff73083c07c6,243,b25f3a30-2d68-11f1-8dae-b3d58bc9f52b,93370a9a-f71b-4ab9-aae9-70d304eceb2e,2026-03-31,21:18:31.21,2026-04-01,01:18:31.21,2026-03-31T21:18:31.2182784-04:00,2026-04-01T01:18:31.2182784Z,NCA_BUL,APP_MOU,BallCalled,Undefined,NoShift,91.31294,76.79776,131.63821,59.1321,94.05259,-57.0099,152.88266,-13.37121,238.11859,-137.11461,331.56561,-6.34086,277.15841,142.38535,"Gillen, Patrick",804322,"Swangim, Zeb",1000239439,"Parks, Tyler",823708,"Lowe, Logan",1000448251,"Johnson, Blaize",10082492,"Pereira, Jake",10090799,"Minarik, Jake",1000414115,true
197d7303-619e-4e4b-bd3f-ff73083c07c6,244,bf944510-2d68-11f1-8dae-b3d58bc9f52b,7dcc6720-7fed-43b8-8eeb-26adbbf97a75,2026-03-31,21:18:53.51,2026-04-01,01:18:53.51,2026-03-31T21:18:53.5141376-04:00,2026-04-01T01:18:53.5141376Z,NCA_BUL,APP_MOU,HitByPitch,Undefined,NoShift,90.94804,75.79058,132.10976,60.02422,94.26704,-56.43051,151.54038,-11.52947,242.44355,-138.38709,331.7892,-6.27843,268.75113,139.56964,"Gillen, Patrick",804322,"Swangim, Zeb",1000239439,"Parks, Tyler",823708,"Lowe, Logan",1000448251,"Johnson, Blaize",10082492,"Pereira, Jake",10090799,"Minarik, Jake",1000414115,true
197d7303-619e-4e4b-bd3f-ff73083c07c6,245,da41cc70-2d68-11f1-8dae-b3d58bc9f52b,ad96b827-128e-4f68-a621-9f2870fe0783,2026-03-31,21:19:38.21,2026-04-01,01:19:38.21,2026-03-31T21:19:38.2176256-04:00,2026-04-01T01:19:38.2176256Z,NCA_BUL,APP_MOU,StrikeCalled,Undefined,NoShift,63.1287,57.24325,128.66726,47.86405,89.51242,-51.38301,148.13584,-12.68761,247.55062,-132.43483,323.57795,-6.08587,270.76257,139.67028,"Gillen, Patrick",804322,"Swangim, Zeb",1000239439,"Parks, Tyler",823708,"Lowe, Logan",1000448251,"Johnson, Blaize",10082492,"Pereira, Jake",10090799,"Minarik, Jake",1000414115,true
197d7303-619e-4e4b-bd3f-ff73083c07c6,246,e5008020-2d68-11f1-8dae-b3d58bc9f52b,5ad91684-3d62-4edb-8a3a-352fa8c9b119,2026-03-31,21:19:56.26,2026-04-01,01:19:56.26,2026-03-31T21:19:56.2680320-04:00,2026-04-01T01:19:56.2680320Z,NCA_BUL,APP_MOU,BallCalled,Undefined,NoShift,63.04032,57.08339,128.97473,48.5057,89.8625,-52.27637,144.38577,-19.22966,252.53507,-129.82719,324.49667,-6.0675,266.45077,137.20658,"Gillen, Patrick",804322,"Swangim, Zeb",1000239439,"Parks, Tyler",823708,"Lowe, Logan",1000448251,"Johnson, Blaize",10082492,"Pereira, Jake",10090799,"Minarik, Jake",1000414115,true
197d7303-619e-4e4b-bd3f-ff73083c07c6,247,ef7f92c0-2d68-11f1-8dae-b3d58bc9f52b,fc9917cc-8ee4-4924-bc31-82f4ce9985f0,2026-03-31,21:20:13.78,2026-04-01,01:20:13.78,2026-03-31T21:20:13.7836544-04:00,2026-04-01T01:20:13.7836544Z,NCA_BUL,APP_MOU,BallCalled,Undefined,NoShift,62.81428,57.0513,130.17271,49.77512,91.14394,-53.52321,144.59906,-21.09332,252.28966,-130.16603,334.0636,-4.36937,269.53119,138.40385,"Gillen, Patrick",804322,"Swangim, Zeb",1000239439,"Parks, Tyler",823708,"Lowe, Logan",1000448251,"Johnson, Blaize",10082492,"Pereira, Jake",10090799,"Minarik, Jake",1000414115,true
197d7303-619e-4e4b-bd3f-ff73083c07c6,248,fc135490-2d68-11f1-8dae-b3d58bc9f52b,e162f6ff-7e77-4793-b34d-ded86d93b9f3,2026-03-31,21:20:35.00,2026-04-01,01:20:35.00,2026-03-31T21:20:35.0005248-04:00,2026-04-01T01:20:35.0005248Z,NCA_BUL,APP_MOU,BallCalled,Undefined,NoShift,62.95835,57.02875,129.22228,49.84794,90.49507,-52.96286,144.68885,-22.25147,246.29021,-127.90132,328.41973,-5.42026,269.17268,138.3001,"Gillen, Patrick",804322,"Swangim, Zeb",1000239439,"Parks, Tyler",823708,"Lowe, Logan",1000448251,"Johnson, Blaize",10082492,"Pereira, Jake",10090799,"Minarik, Jake",1000414115,true
197d7303-619e-4e4b-bd3f-ff73083c07c6,249,07988c90-2d69-11f1-8dae-b3d58bc9f52b,99bf08df-f516-40be-91e2-1dfe63b6ddb8,2026-03-31,21:20:54.31,2026-04-01,01:20:54.31,2026-03-31T21:20:54.3118336-04:00,2026-04-01T01:20:54.3118336Z,NCA_BUL,APP_MOU,InPlay,Out,NoShift,63.34202,57.7122,131.15818,50.47416,92.0865,-55.43781,143.40861,-21.72337,256.25151,-130.50845,336.73286,-3.98634,265.59241,137.21987,"Gillen, Patrick",804322,"Swangim, Zeb",1000239439,"Parks, Tyler",823708,"Lowe, Logan",1000448251,"Johnson, Blaize",10082492,"Pereira, Jake",10090799,"Minarik, Jake",1000414115,true
197d7303-619e-4e4b-bd3f-ff73083c07c6,250,1e77cde0-2d69-11f1-8dae-b3d58bc9f52b,d51617bc-3bc9-49d6-8ad0-593ee9dce4a3,2026-03-31,21:21:32.61,2026-04-01,01:21:32.61,2026-03-31T21:21:32.6188032-04:00,2026-04-01T01:21:32.6188032Z,NCA_BUL,APP_MOU,StrikeCalled,Undefined,NoShift,86.74032,63.05089,137.61921,18.35401,87.08799,-66.2987,137.79554,-37.26048,264.68812,-125.03241,328.35963,6.16317,282.23135,150.94812,"Gillen, Patrick",804322,"Swangim, Zeb",1000239439,"Parks, Tyler",823708,"Lowe, Logan",1000448251,"Johnson, Blaize",10082492,"Pereira, Jake",10090799,"Minarik, Jake",1000414115,true
197d7303-619e-4e4b-bd3f-ff73083c07c6,251,27f96db0-2d69-11f1-8dae-b3d58bc9f52b,a5fb5713-49b7-4303-ad7f-0d4dfe93e880,2026-03-31,21:21:48.64,2026-04-01,01:21:48.64,2026-03-31T21:21:48.6493184-04:00,2026-04-01T01:21:48.6493184Z,NCA_BUL,APP_MOU,BallCalled,Undefined,NoShift,87.19507,62.80332,137.96054,19.53924,86.42254,-67.47345,138.57667,-36.37032,263.01284,-124.59603,335.77868,5.23781,268.76964,145.66696,"Gillen, Patrick",804322,"Swangim, Zeb",1000239439,"Parks, Tyler",823708,"Lowe, Logan",1000448251,"Johnson, Blaize",10082492,"Pereira, Jake",10090799,"Minarik, Jake",1000414115,true
197d7303-619e-4e4b-bd3f-ff73083c07c6,252,334657a0-2d69-11f1-8dae-b3d58bc9f52b,60c823a8-ccae-4430-9179-027e68680448,2026-03-31,21:22:07.55,2026-04-01,01:22:07.55,2026-03-31T21:22:07.5555840-04:00,2026-04-01T01:22:07.5555840Z,NCA_BUL,APP_MOU,InPlay,Out,NoShift,86.68655,62.63171,138.904,17.54012,85.76368,-67.64304,137.44334,-38.36085,260.15709,-124.9528,330.92217,4.85075,275.42958,147.5208,"Gillen, Patrick",804322,"Swangim, Zeb",1000239439,"Parks, Tyler",823708,"Lowe, Logan",1000448251,"Johnson, Blaize",10082492,"Pereira, Jake",10090799,"Minarik, Jake",1000414115,true
197d7303-619e-4e4b-bd3f-ff73083c07c6,253,967d3500-2d69-11f1-8dae-b3d58bc9f52b,374fb9aa-6187-4cca-b37c-e58541e6fcab,2026-03-31,21:24:54.02,2026-04-01,01:24:54.02,2026-03-31T21:24:54.0296704-04:00,2026-04-01T01:24:54.0296704Z,APP_MOU,NCA_BUL,StrikeCalled,Undefined,NoShift,93.64475,59.47997,153.12498,18.32659,76.55376,-54.57865,143.36763,-44.6906,277.42563,-126.36873,311.47782,13.73342,257.20726,146.9355,"Puig, Ethan",813911,"Zamora, Joseph",1000128701,"Mummau, Jake",701417,"Xuereb, Jonathan",804436,"Soul, Nico",1000275968,"Evans, Charlie",813602,"Luft, Riley",1000102710,true
197d7303-619e-4e4b-bd3f-ff73083c07c6,254,9de347d0-2d69-11f1-8dae-b3d58bc9f52b,a2c6c0c8-e1db-4b74-b9b5-39c3c70db851,2026-03-31,21:25:06.40,2026-04-01,01:25:06.40,2026-03-31T21:25:06.4039936-04:00,2026-04-01T01:25:06.4039936Z,APP_MOU,NCA_BUL,FoulBallNotFieldable,Undefined,NoShift,94.84619,59.10419,152.94849,17.55093,77.85587,-56.33389,143.85948,-44.74794,272.06798,-122.57106,311.46376,14.36312,254.89092,146.06519,"Puig, Ethan",813911,"Zamora, Joseph",1000128701,"Mummau, Jake",701417,"Xuereb, Jonathan",804436,"Soul, Nico",1000275968,"Evans, Charlie",813602,"Luft, Riley",1000102710,true
197d7303-619e-4e4b-bd3f-ff73083c07c6,255,a86540a0-2d69-11f1-8dae-b3d58bc9f52b,3fefa3d3-a65f-4075-9559-721834ca005d,2026-03-31,21:25:24.09,2026-04-01,01:25:24.09,2026-03-31T21:25:24.0929280-04:00,2026-04-01T01:25:24.0929280Z,APP_MOU,NCA_BUL,FoulBallNotFieldable,Undefined,NoShift,95.89385,59.1551,153.38577,17.40226,90.46788,-62.98479,143.6514,-44.87865,276.84197,-125.66991,310.82234,12.8633,254.13908,146.97966,"Puig, Ethan",813911,"Zamora, Joseph",1000128701,"Mummau, Jake",701417,"Xuereb, Jonathan",804436,"Soul, Nico",1000275968,"Evans, Charlie",813602,"Luft, Riley",1000102710,true
197d7303-619e-4e4b-bd3f-ff73083c07c6,256,b3e2fe90-2d69-11f1-8dae-b3d58bc9f52b,34a781f6-5d7c-47a3-9ed0-9bdb70a5b304,2026-03-31,21:25:43.40,2026-04-01,01:25:43.40,2026-03-31T21:25:43.4087424-04:00,2026-04-01T01:25:43.4087424Z,APP_MOU,NCA_BUL,InPlay,Out,NoShift,98.86766,59.08995,152.82623,17.16105,97.94833,-71.04572,143.03976,-46.16094,274.4505,-124.86395,314.98415,13.6125,250.94763,145.80341,"Puig, Ethan",813911,"Zamora, Joseph",1000128701,"Mummau, Jake",701417,"Xuereb, Jonathan",804436,"Soul, Nico",1000275968,"Evans, Charlie",813602,"Luft, Riley",1000102710,true
197d7303-619e-4e4b-bd3f-ff73083c07c6,257,d53e9360-2d69-11f1-8dae-b3d58bc9f52b,23d2dc71-455d-4186-aaa8-8e2f5412dba6,2026-03-31,21:26:39.28,2026-04-01,01:26:39.28,2026-03-31T21:26:39.2815104-04:00,2026-04-01T01:26:39.2815104Z,APP_MOU,NCA_BUL,BallCalled,Undefined,NoShift,92.0773,74.96476,163.20909,54.68968,102.54797,-49.99095,150.61394,-25.98743,242.84968,-141.47395,322.58728,-20.59892,283.21234,137.13553,"Puig, Ethan",813911,"Zamora, Joseph",1000128701,"Mummau, Jake",701417,"Xuereb, Jonathan",804436,"Soul, Nico",1000275968,"Evans, Charlie",813602,"Luft, Riley",1000102710,true
197d7303-619e-4e4b-bd3f-ff73083c07c6,258,de143bc0-2d69-11f1-8dae-b3d58bc9f52b,4db61dbf-7e8e-4d02-a8e5-db1b2dfc0211,2026-03-31,21:26:54.09,2026-04-01,01:26:54.09,2026-03-31T21:26:54.0998656-04:00,2026-04-01T01:26:54.0998656Z,APP_MOU,NCA_BUL,StrikeSwinging,Undefined,NoShift,91.81194,76.78571,164.29397,54.9597,104.06119,-51.48795,150.86226,-25.31068,245.09109,-143.23832,322.68295,-20.86166,282.80871,135.59388,"Puig, Ethan",813911,"Zamora, Joseph",1000128701,"Mummau, Jake",701417,"Xuereb, Jonathan",804436,"Soul, Nico",1000275968,"Evans, Charlie",813602,"Luft, Riley",1000102710,true
197d7303-619e-4e4b-bd3f-ff73083c07c6,259,e8960d80-2d69-11f1-8dae-b3d58bc9f52b,bb6ce11f-fc35-4b93-956f-f2f31e9dfc3b,2026-03-31,21:27:11.70,2026-04-01,01:27:11.70,2026-03-31T21:27:11.7017088-04:00,2026-04-01T01:27:11.7017088Z,APP_MOU,NCA_BUL,BallCalled,Undefined,NoShift,91.61633,74.78647,163.60082,55.84072,103.60531,-51.92005,152.63498,-24.81107,246.06291,-143.42482,322.44075,-20.34885,282.1402,136.31311,"Puig, Ethan",813911,"Zamora, Joseph",1000128701,"Mummau, Jake",701417,"Xuereb, Jonathan",804436,"Soul, Nico",1000275968,"Evans, Charlie",813602,"Luft, Riley",1000102710,true
197d7303-619e-4e4b-bd3f-ff73083c07c6,260,f35117b0-2d69-11f1-8dae-b3d58bc9f52b,2a573254-084c-4355-8f40-81b5b5f31e72,2026-03-31,21:27:29.70,2026-04-01,01:27:29.70,2026-03-31T21:27:29.7032192-04:00,2026-04-01T01:27:29.7032192Z,APP_MOU,NCA_BUL,StrikeCalled,Undefined,NoShift,90.83778,76.78452,164.74229,57.38745,107.65461,-54.23873,152.1617,-24.31261,243.86548,-141.9298,319.96241,-20.18602,281.76562,135.93296,"Puig, Ethan",813911,"Zamora, Joseph",1000128701,"Mummau, Jake",701417,"Xuereb, Jonathan",804436,"Soul, Nico",1000275968,"Evans, Charlie",813602,"Luft, Riley",1000102710,true
197d7303-619e-4e4b-bd3f-ff73083c07c6,261,fe1f34b0-2d69-11f1-8dae-b3d58bc9f52b,0e1b3d8c-659b-4387-b97f-8d7067444533,2026-03-31,21:27:47.90,2026-04-01,01:27:47.90,2026-03-31T21:27:47.9042048-04:00,2026-04-01T01:27:47.9042048Z,APP_MOU,NCA_BUL,InPlay,Out,NoShift,91.32166,77.37923,166.46884,59.83701,106.59105,-54.57738,151.31943,-24.9029,241.9138,-142.82932,321.63071,-19.50964,280.53546,135.8841,"Puig, Ethan",813911,"Zamora, Joseph",1000128701,"Mummau, Jake",701417,"Xuereb, Jonathan",804436,"Soul, Nico",1000275968,"Evans, Charlie",813602,"Luft, Riley",1000102710,true
197d7303-619e-4e4b-bd3f-ff73083c07c6,262,144e38d0-2d6a-11f1-8dae-b3d58bc9f52b,847bf131-1cb4-4947-971e-930a1812fbcd,2026-03-31,21:28:25.11,2026-04-01,01:28:25.11,2026-03-31T21:28:25.1192320-04:00,2026-04-01T01:28:25.1192320Z,APP_MOU,NCA_BUL,FoulBallNotFieldable,Undefined,NoShift,100.61869,67.71187,161.39749,54.11993,101.15995,-66.26992,154.94752,-9.25593,245.82093,-143.62471,323.88028,-16.59415,277.79512,134.45949,"Puig, Ethan",813911,"Zamora, Joseph",1000128701,"Mummau, Jake",701417,"Xuereb, Jonathan",804436,"Soul, Nico",1000275968,"Evans, Charlie",813602,"Luft, Riley",1000102710,true
197d7303-619e-4e4b-bd3f-ff73083c07c6,263,1fbc3f50-2d6a-11f1-8dae-b3d58bc9f52b,af6a0b2c-25d2-41ed-8a2a-3cd2215ac511,2026-03-31,21:28:44.27,2026-04-01,01:28:44.27,2026-03-31T21:28:44.2741760-04:00,2026-04-01T01:28:44.2741760Z,APP_MOU,NCA_BUL,BallCalled,Undefined,NoShift,98.79662,66.3838,162.14132,55.75985,102.81417,-65.03543,153.95518,-10.20592,243.95516,-141.15549,324.26589,-18.61645,277.0188,134.34057,"Puig, Ethan",813911,"Zamora, Joseph",1000128701,"Mummau, Jake",701417,"Xuereb, Jonathan",804436,"Soul, Nico",1000275968,"Evans, Charlie",813602,"Luft, Riley",1000102710,true
197d7303-619e-4e4b-bd3f-ff73083c07c6,264,28be27d0-2d6a-11f1-8dae-b3d58bc9f52b,45514258-352d-44f6-a7c4-53eddb58e93d,2026-03-31,21:28:59.35,2026-04-01,01:28:59.35,2026-03-31T21:28:59.3524224-04:00,2026-04-01T01:28:59.3524224Z,APP_MOU,NCA_BUL,BallCalled,Undefined,NoShift,100.03582,66.51487,163.1042,55.9618,102.86921,-65.4222,153.9776,-9.79369,244.90774,-140.33431,321.43403,-16.52013,278.01564,134.73423,"Puig, Ethan",813911,"Zamora, Joseph",1000128701,"Mummau, Jake",701417,"Xuereb, Jonathan",804436,"Soul, Nico",1000275968,"Evans, Charlie",813602,"Luft, Riley",1000102710,true
197d7303-619e-4e4b-bd3f-ff73083c07c6,265,3307ab80-2d6a-11f1-8dae-b3d58bc9f52b,38d3e921-727d-4b87-9e06-524149f818d8,2026-03-31,21:29:16.61,2026-04-01,01:29:16.61,2026-03-31T21:29:16.6160384-04:00,2026-04-01T01:29:16.6160384Z,APP_MOU,NCA_BUL,InPlay,Single,NoShift,98.90764,67.93789,163.88801,57.17549,97.50429,-67.11575,153.63464,-10.01154,244.11454,-140.93421,317.70783,-16.43784,276.53115,134.27751,"Puig, Ethan",813911,"Zamora, Joseph",1000128701,"Mummau, Jake",701417,"Xuereb, Jonathan",804436,"Soul, Nico",1000275968,"Evans, Charlie",813602,"Luft, Riley",1000102710,true
197d7303-619e-4e4b-bd3f-ff73083c07c6,266,4a41de10-2d6a-11f1-8dae-b3d58bc9f52b,6b5d2778-f4c6-400e-b774-914fff339e2b,2026-03-31,21:29:55.59,2026-04-01,01:29:55.59,2026-03-31T21:29:55.5909120-04:00,2026-04-01T01:29:55.5909120Z,APP_MOU,NCA_BUL,StrikeCalled,Undefined,NoShift,65.10479,57.65648,144.90361,28.26885,97.46547,-70.0296,143.28198,-45.06378,276.13797,-124.39837,311.79038,14.44277,248.86381,143.56031,"Puig, Ethan",813911,"Zamora, Joseph",1000128701,"Mummau, Jake",701417,"Xuereb, Jonathan",804436,"Soul, Nico",1000275968,"Evans, Charlie",813602,"Luft, Riley",1000102710,true
197d7303-619e-4e4b-bd3f-ff73083c07c6,267,53ea8de0-2d6a-11f1-8dae-b3d58bc9f52b,e4317f22-3cac-4701-8f27-a7d0fe07333e,2026-03-31,21:30:11.82,2026-04-01,01:30:11.82,2026-03-31T21:30:11.8292992-04:00,2026-04-01T01:30:11.8292992Z,APP_MOU,NCA_BUL,BallCalled,Undefined,NoShift,66.78081,57.853,147.10525,30.40297,96.97408,-70.22462,142.49348,-45.48592,274.41922,-124.30431,312.64232,14.37332,248.97014,144.46763,"Puig, Ethan",813911,"Zamora, Joseph",1000128701,"Mummau, Jake",701417,"Xuereb, Jonathan",804436,"Soul, Nico",1000275968,"Evans, Charlie",813602,"Luft, Riley",1000102710,true
197d7303-619e-4e4b-bd3f-ff73083c07c6,268,5fe56b10-2d6a-11f1-8dae-b3d58bc9f52b,9355653b-bd97-440f-ada3-b624dbaafbe6,2026-03-31,21:30:31.94,2026-04-01,01:30:31.94,2026-03-31T21:30:31.9450000-04:00,2026-04-01T01:30:31.9450000Z,APP_MOU,NCA_BUL,BallCalled,StolenBase,NoShift,64.97999,58.04591,147.65162,27.76361,97.78629,-70.0848,142.65831,-45.72084,273.4744,-123.73569,312.71999,15.53635,250.06162,144.11663,"Puig, Ethan",813911,"Zamora, Joseph",1000128701,"Mummau, Jake",701417,"Xuereb, Jonathan",804436,"Soul, Nico",1000275968,"Evans, Charlie",813602,"Luft, Riley",1000102710,true
197d7303-619e-4e4b-bd3f-ff73083c07c6,269,e4315e60-2d6a-11f1-8dae-b3d58bc9f52b,68ed23da-caf3-475e-a1e6-012baa88b46a,2026-03-31,21:34:13.92,2026-04-01,01:34:13.92,2026-03-31T21:34:13.9206656-04:00,2026-04-01T01:34:13.9206656Z,APP_MOU,NCA_BUL,FoulBallNotFieldable,Undefined,NoShift,96.04842,65.78525,144.77927,24.0106,97.65885,-69.21246,143.55755,-44.35278,271.44558,-122.5418,312.22027,14.48819,246.93017,141.77159,"Puig, Ethan",813911,"Zamora, Joseph",1000128701,"Mummau, Jake",701417,"Xuereb, Jonathan",804436,"Soul, Nico",1000275968,"Evans, Charlie",813602,"Luft, Riley",1000102710,true
197d7303-619e-4e4b-bd3f-ff73083c07c6,270,f0757990-2d6a-11f1-8dae-b3d58bc9f52b,41283cc4-1665-41ab-941b-8023bbf32c09,2026-03-31,21:34:34.43,2026-04-01,01:34:34.43,2026-03-31T21:34:34.4396288-04:00,2026-04-01T01:34:34.4396288Z,APP_MOU,NCA_BUL,FoulBallNotFieldable,Undefined,NoShift,94.57155,66.51204,144.60111,26.26543,96.34719,-71.18969,142.89804,-45.72434,275.486,-124.46676,310.82206,13.30073,244.71214,141.24572,"Puig, Ethan",813911,"Zamora, Joseph",1000128701,"Mummau, Jake",701417,"Xuereb, Jonathan",804436,"Soul, Nico",1000275968,"Evans, Charlie",813602,"Luft, Riley",1000102710,true
197d7303-619e-4e4b-bd3f-ff73083c07c6,271,01bf7070-2d6b-11f1-8dae-b3d58bc9f52b,f6159956-36fc-4eef-a3df-a175a96531c8,2026-03-31,21:35:03.38,2026-04-01,01:35:03.38,2026-03-31T21:35:03.3843200-04:00,2026-04-01T01:35:03.3843200Z,APP_MOU,NCA_BUL,StrikeSwinging,Undefined,NoShift,94.47026,65.51607,142.72895,26.37421,96.29071,-70.33653,142.63836,-45.61845,267.04177,-122.59587,310.2869,15.37147,243.10992,140.91082,"Puig, Ethan",813911,"Zamora, Joseph",1000128701,"Mummau, Jake",701417,"Xuereb, Jonathan",804436,"Soul, Nico",1000275968,"Evans, Charlie",813602,"Luft, Riley",1000102710,true
197d7303-619e-4e4b-bd3f-ff73083c07c6,272,53d0f5f0-2d6b-11f1-8dae-b3d58bc9f52b,2bbef3af-94bd-441d-9e9d-b00899b39ca0,2026-03-31,21:37:21.16,2026-04-01,01:37:21.16,2026-03-31T21:37:21.1613184-04:00,2026-04-01T01:37:21.1613184Z,NCA_BUL,APP_MOU,BallCalled,Undefined,NoShift,89.33767,62.42228,144.89985,34.10842,88.21988,-68.52285,138.91398,-36.91477,255.13067,-125.67704,319.79361,0.39912,265.04449,139.2914,"Gillen, Patrick",804322,"Swangim, Zeb",1000239439,"Parks, Tyler",823708,"Lowe, Logan",1000448251,"Johnson, Blaize",10082492,"Pereira, Jake",10090799,"Minarik, Jake",1000414115,true
197d7303-619e-4e4b-bd3f-ff73083c07c6,273,5e1d11b0-2d6b-11f1-8dae-b3d58bc9f52b,8b732be9-feda-4d92-9c83-435516ba216a,2026-03-31,21:37:38.43,2026-04-01,01:37:38.43,2026-03-31T21:37:38.4323072-04:00,2026-04-01T01:37:38.4323072Z,NCA_BUL,APP_MOU,StrikeCalled,Undefined,NoShift,90.39039,61.83926,145.26294,34.32797,88.5088,-67.8528,137.98864,-38.41163,257.14979,-132.42229,323.19995,-1.28492,259.60655,136.33579,"Gillen, Patrick",804322,"Swangim, Zeb",1000239439,"Parks, Tyler",823708,"Lowe, Logan",1000448251,"Johnson, Blaize",10082492,"Pereira, Jake",10090799,"Minarik, Jake",1000414115,true
197d7303-619e-4e4b-bd3f-ff73083c07c6,274,676244c0-2d6b-11f1-8dae-b3d58bc9f52b,2297322a-f896-4f4a-8519-687217729a01,2026-03-31,21:37:53.96,2026-04-01,01:37:53.96,2026-03-31T21:37:53.9683328-04:00,2026-04-01T01:37:53.9683328Z,NCA_BUL,APP_MOU,InPlay,Single,NoShift,88.62325,61.4155,145.53036,34.36831,89.70321,-68.97384,139.69802,-37.92497,260.42995,-127.90182,322.17493,-0.08117,260.89837,136.8715,"Gillen, Patrick",804322,"Swangim, Zeb",1000239439,"Parks, Tyler",823708,"Lowe, Logan",1000448251,"Johnson, Blaize",10082492,"Pereira, Jake",10090799,"Minarik, Jake",1000414115,true
197d7303-619e-4e4b-bd3f-ff73083c07c6,275,7fb9ce30-2d6b-11f1-8dae-b3d58bc9f52b,ea77a00b-f7ad-4334-827e-d8e35b480267,2026-03-31,21:38:34.82,2026-04-01,01:38:34.82,2026-03-31T21:38:34.8258304-04:00,2026-04-01T01:38:34.8258304Z,NCA_BUL,APP_MOU,BallCalled,Undefined,NoShift,63.24093,56.7464,137.80878,28.76261,83.47194,-65.54862,134.25566,-31.68715,261.5501,-132.06101,315.47928,8.16975,263.13654,140.47268,"Gillen, Patrick",804322,"Swangim, Zeb",1000239439,"Parks, Tyler",823708,"Lowe, Logan",1000448251,"Johnson, Blaize",10082492,"Pereira, Jake",10090799,"Minarik, Jake",1000414115,true
197d7303-619e-4e4b-bd3f-ff73083c07c6,276,8b6775c0-2d6b-11f1-8dae-b3d58bc9f52b,97baf348-d864-4cd3-8498-d61c7c0dcd14,2026-03-31,21:38:54.38,2026-04-01,01:38:54.38,2026-03-31T21:38:54.3874048-04:00,2026-04-01T01:38:54.3874048Z,NCA_BUL,APP_MOU,StrikeCalled,Undefined,NoShift,62.73396,56.73541,137.24491,28.90575,81.68868,-64.12642,135.62374,-31.03444,263.19845,-127.16959,321.51491,7.93073,260.49285,139.72188,"Gillen, Patrick",804322,"Swangim, Zeb",1000239439,"Parks, Tyler",823708,"Lowe, Logan",1000448251,"Johnson, Blaize",10082492,"Pereira, Jake",10090799,"Minarik, Jake",1000414115,true
197d7303-619e-4e4b-bd3f-ff73083c07c6,277,974e2eb0-2d6b-11f1-8dae-b3d58bc9f52b,5ab33a09-f8d1-46dc-8d9c-3d9883006259,2026-03-31,21:39:14.38,2026-04-01,01:39:14.38,2026-03-31T21:39:14.3884800-04:00,2026-04-01T01:39:14.3884800Z,NCA_BUL,APP_MOU,InPlay,Single,NoShift,62.9576,56.70982,138.90165,29.72253,83.57165,-65.46309,136.87572,-31.80551,267.46287,-131.13036,320.82411,8.04707,261.63738,140.3217,"Gillen, Patrick",804322,"Swangim, Zeb",1000239439,"Parks, Tyler",823708,"Lowe, Logan",1000448251,"Johnson, Blaize",10082492,"Pereira, Jake",10090799,"Minarik, Jake",1000414115,true
197d7303-619e-4e4b-bd3f-ff73083c07c6,278,b0705b20-2d6b-11f1-8dae-b3d58bc9f52b,e3637d22-c7df-4236-a3ab-2b27bb97b798,2026-03-31,21:39:56.58,2026-04-01,01:39:56.58,2026-03-31T21:39:56.5817856-04:00,2026-04-01T01:39:56.5817856Z,NCA_BUL,APP_MOU,BallCalled,Undefined,NoShift,87.93928,61.9127,136.43588,18.74294,83.46673,-64.97228,136.2674,-31.29613,262.28424,-130.04497,338.93954,-0.17169,260.76397,136.89596,"Gillen, Patrick",804322,"Swangim, Zeb",1000239439,"Parks, Tyler",823708,"Lowe, Logan",1000448251,"Johnson, Blaize",10082492,"Pereira, Jake",10090799,"Minarik, Jake",1000414115,true
197d7303-619e-4e4b-bd3f-ff73083c07c6,279,b9c45b40-2d6b-11f1-8dae-b3d58bc9f52b,f37e2f9e-b5fa-4b26-8e64-2c2c2889bdb0,2026-03-31,21:40:12.19,2026-04-01,01:40:12.19,2026-03-31T21:40:12.1980416-04:00,2026-04-01T01:40:12.1980416Z,NCA_BUL,APP_MOU,StrikeCalled,Undefined,NoShift,87.2037,62.04774,137.73022,18.13976,83.67183,-65.75457,135.67916,-32.20156,261.27382,-129.93571,337.40974,0.30325,258.53666,136.26639,"Gillen, Patrick",804322,"Swangim, Zeb",1000239439,"Parks, Tyler",823708,"Lowe, Logan",1000448251,"Johnson, Blaize",10082492,"Pereira, Jake",10090799,"Minarik, Jake",1000414115,true
197d7303-619e-4e4b-bd3f-ff73083c07c6,280,c39cf4b0-2d6b-11f1-8dae-b3d58bc9f52b,c0c8ec20-2e26-4483-997a-2710329700a7,2026-03-31,21:40:28.71,2026-04-01,01:40:28.71,2026-03-31T21:40:28.7182848-04:00,2026-04-01T01:40:28.7182848Z,NCA_BUL,APP_MOU,FoulBallNotFieldable,Undefined,NoShift,86.72384,61.67004,138.51859,18.83718,84.26619,-66.79813,136.46039,-32.3431,264.28992,-133.14028,334.89879,-0.32659,263.1065,137.66967,"Gillen, Patrick",804322,"Swangim, Zeb",1000239439,"Parks, Tyler",823708,"Lowe, Logan",1000448251,"Johnson, Blaize",10082492,"Pereira, Jake",10090799,"Minarik, Jake",1000414115,true
197d7303-619e-4e4b-bd3f-ff73083c07c6,281,cfff6d50-2d6b-11f1-8dae-b3d58bc9f52b,d4a5460b-0572-450f-b838-dc7989c7b4ac,2026-03-31,21:40:49.48,2026-04-01,01:40:49.48,2026-03-31T21:40:49.4867456-04:00,2026-04-01T01:40:49.4867456Z,NCA_BUL,APP_MOU,InPlay,Out,NoShift,86.89463,61.21604,139.50079,20.11234,84.21393,-67.03952,135.50941,-30.34633,265.70117,-129.8062,331.54809,-0.30914,246.08388,141.29829,"Gillen, Patrick",804322,"Swangim, Zeb",1000239439,"Parks, Tyler",823708,"Lowe, Logan",1000448251,"Johnson, Blaize",10082492,"Pereira, Jake",10090799,"Minarik, Jake",1000414115,true
197d7303-619e-4e4b-bd3f-ff73083c07c6,282,ee31aea0-2d6b-11f1-8dae-b3d58bc9f52b,03cb55b9-208c-4552-b4f3-24482e4c7997,2026-03-31,21:41:40.14,2026-04-01,01:41:40.14,2026-03-31T21:41:40.1493504-04:00,2026-04-01T01:41:40.1493504Z,NCA_BUL,APP_MOU,BallinDirt,Undefined,NoShift,89.33008,62.60209,139.02504,17.30368,84.21504,-67.0996,137.02397,-32.31241,270.83948,-137.04942,335.5596,0.88696,268.28373,141.24582,"Gillen, Patrick",804322,"Swangim, Zeb",1000239439,"Parks, Tyler",823708,"Lowe, Logan",1000448251,"Johnson, Blaize",10082492,"Pereira, Jake",10090799,"Minarik, Jake",1000414115,true
197d7303-619e-4e4b-bd3f-ff73083c07c6,283,f8ac2d60-2d6b-11f1-8dae-b3d58bc9f52b,8de6d9a5-dd40-49c5-9685-2319ccd338d3,2026-03-31,21:41:57.71,2026-04-01,01:41:57.71,2026-03-31T21:41:57.7157120-04:00,2026-04-01T01:41:57.7157120Z,NCA_BUL,APP_MOU,BallCalled,Undefined,NoShift,89.39275,61.68719,139.37493,17.03157,84.78576,-68.06164,136.45322,-31.64123,268.42726,-135.18756,324.44863,0.31278,265.4121,140.70834,"Gillen, Patrick",804322,"Swangim, Zeb",1000239439,"Parks, Tyler",823708,"Lowe, Logan",1000448251,"Johnson, Blaize",10082492,"Pereira, Jake",10090799,"Minarik, Jake",1000414115,true
197d7303-619e-4e4b-bd3f-ff73083c07c6,284,05bd83a0-2d6c-11f1-8dae-b3d58bc9f52b,08573bb0-c77b-4bb5-9d98-324bf11b79da,2026-03-31,21:42:19.64,2026-04-01,01:42:19.64,2026-03-31T21:42:19.6430336-04:00,2026-04-01T01:42:19.6430336Z,NCA_BUL,APP_MOU,StrikeSwinging,Undefined,NoShift,85.92677,61.85953,139.43523,19.86256,86.12009,-66.55818,136.70117,-30.42017,266.30553,-135.98216,333.56807,0.20304,267.9944,141.64898,"Gillen, Patrick",804322,"Swangim, Zeb",1000239439,"Parks, Tyler",823708,"Lowe, Logan",1000448251,"Johnson, Blaize",10082492,"Pereira, Jake",10090799,"Minarik, Jake",1000414115,true
197d7303-619e-4e4b-bd3f-ff73083c07c6,285,17ed1f90-2d6c-11f1-8dae-b3d58bc9f52b,251773ed-f02b-4d04-988d-4a325d0cf4dd,,,,,,,NCA_BUL,APP_MOU,StrikeCalled,Undefined,,,,,,,,,,,,,,,,"Gillen, Patrick",804322,"Swangim, Zeb",1000239439,"Parks, Tyler",823708,"Lowe, Logan",1000448251,"Johnson, Blaize",10082492,"Pereira, Jake",10090799,"Minarik, Jake",1000414115,false
197d7303-619e-4e4b-bd3f-ff73083c07c6,286,1ce5dbe0-2d6c-11f1-8dae-b3d58bc9f52b,3c218455-022f-4709-ab92-1124581bc4af,2026-03-31,21:42:58.50,2026-04-01,01:42:58.50,2026-03-31T21:42:58.5090560-04:00,2026-04-01T01:42:58.5090560Z,NCA_BUL,APP_MOU,InPlay,Single,NoShift,89.0026,62.05873,138.06681,18.37509,85.52626,-67.97045,136.6176,-30.70496,271.48082,-128.82099,330.63818,6.50861,248.63433,140.7447,"Gillen, Patrick",804322,"Swangim, Zeb",1000239439,"Parks, Tyler",823708,"Lowe, Logan",1000448251,"Johnson, Blaize",10082492,"Pereira, Jake",10090799,"Minarik, Jake",1000414115,true
197d7303-619e-4e4b-bd3f-ff73083c07c6,287,3e543560-2d6c-11f1-8dae-b3d58bc9f52b,8e2ddba2-2d48-41ce-8b11-9f099bbcb374,2026-03-31,21:43:54.61,2026-04-01,01:43:54.61,2026-03-31T21:43:54.6171904-04:00,2026-04-01T01:43:54.6171904Z,NCA_BUL,APP_MOU,BallCalled,Undefined,NoShift,73.87139,54.45187,123.83065,53.76429,89.46259,-53.09647,148.48201,-8.75428,260.30012,-130.49042,323.75428,-3.98247,270.30118,140.14007,"Gillen, Patrick",804322,"Swangim, Zeb",1000239439,"Parks, Tyler",823708,"Lowe, Logan",1000448251,"Johnson, Blaize",10082492,"Pereira, Jake",10090799,"Minarik, Jake",1000414115,true
197d7303-619e-4e4b-bd3f-ff73083c07c6,288,4a6c1070-2d6c-11f1-8dae-b3d58bc9f52b,5f7e0596-5b15-4bac-8bcd-ffe96d50a945,2026-03-31,21:44:14.86,2026-04-01,01:44:14.86,2026-03-31T21:44:14.8601856-04:00,2026-04-01T01:44:14.8601856Z,NCA_BUL,APP_MOU,StrikeSwinging,Undefined,NoShift,80.0016,61.85326,125.13343,53.70487,89.67138,-53.07398,149.44698,-6.65381,262.25506,-128.50291,333.29108,-3.67619,271.12097,140.46829,"Gillen, Patrick",804322,"Swangim, Zeb",1000239439,"Parks, Tyler",823708,"Lowe, Logan",1000448251,"Johnson, Blaize",10082492,"Pereira, Jake",10090799,"Minarik, Jake",1000414115,true
197d7303-619e-4e4b-bd3f-ff73083c07c6,289,56c0f480-2d6c-11f1-8dae-b3d58bc9f52b,957161d1-8e43-443f-852f-f5e33ef715e7,2026-03-31,21:44:35.56,2026-04-01,01:44:35.56,2026-03-31T21:44:35.5607552-04:00,2026-04-01T01:44:35.5607552Z,NCA_BUL,APP_MOU,FoulBallNotFieldable,Undefined,NoShift,79.8688,61.74929,126.01301,54.08882,87.15512,-53.51206,149.54973,-7.23253,263.055,-129.07477,326.90444,-1.89665,272.20101,140.85256,"Gillen, Patrick",804322,"Swangim, Zeb",1000239439,"Parks, Tyler",823708,"Lowe, Logan",1000448251,"Johnson, Blaize",10082492,"Pereira, Jake",10090799,"Minarik, Jake",1000414115,true
197d7303-619e-4e4b-bd3f-ff73083c07c6,290,8f8286d0-2d6c-11f1-8dae-b3d58bc9f52b,9d5597a6-5582-4091-982a-4ad88a214bad,2026-03-31,21:46:10.78,2026-04-01,01:46:10.78,2026-03-31T21:46:10.7855360-04:00,2026-04-01T01:46:10.7855360Z,NCA_BUL,APP_MOU,BallinDirt,Undefined,NoShift,79.52142,60.86928,127.72246,54.2358,91.59407,-51.85632,151.04248,-6.99693,255.21172,-134.14786,322.85202,-6.43654,270.00891,137.84033,"Gillen, Patrick",804322,"Swangim, Zeb",1000239439,"Parks, Tyler",823708,"Lowe, Logan",1000448251,"Johnson, Blaize",10082492,"Pereira, Jake",10090799,"Minarik, Jake",1000414115,true
197d7303-619e-4e4b-bd3f-ff73083c07c6,291,9b754db0-2d6c-11f1-8dae-b3d58bc9f52b,d50bbfbb-4390-429a-98d5-491d71ae5ef1,2026-03-31,21:46:30.82,2026-04-01,01:46:30.82,2026-03-31T21:46:30.8236288-04:00,2026-04-01T01:46:30.8236288Z,NCA_BUL,APP_MOU,StrikeSwinging,Undefined,NoShift,79.79726,61.07834,126.61188,55.38384,90.89148,-53.36116,149.14189,-6.53539,241.32632,-134.89987,325.24393,-5.81663,270.85164,138.96748,"Gillen, Patrick",804322,"Swangim, Zeb",1000239439,"Parks, Tyler",823708,"Lowe, Logan",1000448251,"Johnson, Blaize",10082492,"Pereira, Jake",10090799,"Minarik, Jake",1000414115,true
197d7303-619e-4e4b-bd3f-ff73083c07c6,292,aca3a640-2d6c-11f1-8dae-b3d58bc9f52b,88141b4f-5cfc-404f-8714-6fe0120277a7,2026-03-31,21:46:59.68,2026-04-01,01:46:59.68,2026-03-31T21:46:59.6878336-04:00,2026-04-01T01:46:59.6878336Z,NCA_BUL,APP_MOU,BallCalled,Undefined,NoShift,87.92205,62.59255,140.20656,33.23058,87.16661,-67.2508,139.11614,-32.19455,268.60632,-132.55097,334.78363,3.69032,261.66865,140.52289,"Gillen, Patrick",804322,"Swangim, Zeb",1000239439,"Parks, Tyler",823708,"Lowe, Logan",1000448251,"Johnson, Blaize",10082492,"Pereira, Jake",10090799,"Minarik, Jake",1000414115,true
197d7303-619e-4e4b-bd3f-ff73083c07c6,293,b67ed7c0-2d6c-11f1-8dae-b3d58bc9f52b,7eda200b-18a6-49cd-9439-516245b6375c,2026-03-31,21:47:16.22,2026-04-01,01:47:16.22,2026-03-31T21:47:16.2237440-04:00,2026-04-01T01:47:16.2237440Z,NCA_BUL,APP_MOU,BallCalled,Undefined,NoShift,88.91654,61.82605,139.99391,33.56911,85.28457,-66.73458,137.26957,-34.89836,267.70188,-134.46763,334.36018,3.5909,259.18307,139.09719,"Gillen, Patrick",804322,"Swangim, Zeb",1000239439,"Parks, Tyler",823708,"Lowe, Logan",1000448251,"Johnson, Blaize",10082492,"Pereira, Jake",10090799,"Minarik, Jake",1000414115,true
197d7303-619e-4e4b-bd3f-ff73083c07c6,294,c0e9c620-2d6c-11f1-8dae-b3d58bc9f52b,9ff1e769-7d53-48f4-9333-e44b1ca06540,2026-03-31,21:47:33.63,2026-04-01,01:47:33.63,2026-03-31T21:47:33.6382976-04:00,2026-04-01T01:47:33.6382976Z,NCA_BUL,APP_MOU,InPlay,Out,NoShift,88.53717,63.32767,142.26716,34.48341,85.11162,-67.28197,139.17904,-34.44624,267.75031,-131.84708,339.66487,2.72669,260.20817,139.87165,"Gillen, Patrick",804322,"Swangim, Zeb",1000239439,"Parks, Tyler",823708,"Lowe, Logan",1000448251,"Johnson, Blaize",10082492,"Pereira, Jake",10090799,"Minarik, Jake",1000414115,true
197d7303-619e-4e4b-bd3f-ff73083c07c6,295,2e361ee0-2d6d-11f1-8dae-b3d58bc9f52b,4e22989e-cd86-4cfe-91f8-1538ad4cb347,2026-03-31,21:50:37.12,2026-04-01,01:50:37.12,2026-03-31T21:50:37.1255296-04:00,2026-04-01T01:50:37.1255296Z,APP_MOU,NCA_BUL,FoulBallNotFieldable,Undefined,NoShift,96.84781,60.19422,147.88444,35.20954,101.16353,-70.40803,143.19841,-45.22333,276.01655,-124.66032,311.61403,14.1055,255.15511,147.4783,"Puig, Ethan",813911,"Zamora, Joseph",1000128701,"Mummau, Jake",701417,"Xuereb, Jonathan",804436,"Soul, Nico",1000275968,"Evans, Charlie",813602,"Luft, Riley",1000102710,true
197d7303-619e-4e4b-bd3f-ff73083c07c6,296,4dd9a370-2d6d-11f1-8dae-b3d58bc9f52b,03e93aa5-5127-4a0a-a392-5b0d5f7b942e,2026-03-31,21:51:30.19,2026-04-01,01:51:30.19,2026-03-31T21:51:30.1954560-04:00,2026-04-01T01:51:30.1954560Z,APP_MOU,NCA_BUL,BallCalled,Undefined,NoShift,95.71138,62.26433,149.21051,34.6555,97.41826,-69.23047,142.864,-45.24063,272.62664,-123.40003,315.51305,14.85644,250.92798,145.72835,"Puig, Ethan",813911,"Zamora, Joseph",1000128701,"Mummau, Jake",701417,"Xuereb, Jonathan",804436,"Soul, Nico",1000275968,"Evans, Charlie",813602,"Luft, Riley",1000102710,true
197d7303-619e-4e4b-bd3f-ff73083c07c6,297,57521b80-2d6d-11f1-8dae-b3d58bc9f52b,6d2b006d-88b5-48e2-9c91-741fbcb3fba6,2026-03-31,21:51:46.06,2026-04-01,01:51:46.06,2026-03-31T21:51:46.0634112-04:00,2026-04-01T01:51:46.0634112Z,APP_MOU,NCA_BUL,HitByPitch,Undefined,NoShift,96.12369,56.24505,149.34946,34.70027,98.24673,-70.02357,142.73474,-45.83923,279.10601,-126.42047,315.39192,15.04354,251.98238,145.76294,"Puig, Ethan",813911,"Zamora, Joseph",1000128701,"Mummau, Jake",701417,"Xuereb, Jonathan",804436,"Soul, Nico",1000275968,"Evans, Charlie",813602,"Luft, Riley",1000102710,true
197d7303-619e-4e4b-bd3f-ff73083c07c6,298,6ac55b00-2d6d-11f1-8dae-b3d58bc9f52b,5fa54937-5bd8-4cd0-abc5-56bdcc2f5ca9,2026-03-31,21:52:18.64,2026-04-01,01:52:18.64,2026-03-31T21:52:18.6430976-04:00,2026-04-01T01:52:18.6430976Z,APP_MOU,NCA_BUL,BallCalled,Undefined,NoShift,64.99532,58.27059,138.83891,27.86569,84.8629,-59.53105,134.92845,-38.88426,274.11965,-123.91338,314.96454,13.65619,253.1841,146.9902,"Puig, Ethan",813911,"Zamora, Joseph",1000128701,"Mummau, Jake",701417,"Xuereb, Jonathan",804436,"Soul, Nico",1000275968,"Evans, Charlie",813602,"Luft, Riley",1000102710,true
197d7303-619e-4e4b-bd3f-ff73083c07c6,299,75e170f0-2d6d-11f1-8dae-b3d58bc9f52b,d09287d7-7961-481b-bb93-4de5170a6aa3,2026-03-31,21:52:37.34,2026-04-01,01:52:37.34,2026-03-31T21:52:37.3451776-04:00,2026-04-01T01:52:37.3451776Z,APP_MOU,NCA_BUL,StrikeCalled,Undefined,NoShift,64.82034,58.00626,139.70438,28.0836,85.46339,-60.12019,133.37878,-38.8208,270.219,-122.86515,311.92042,13.46804,252.1177,146.71804,"Puig, Ethan",813911,"Zamora, Joseph",1000128701,"Mummau, Jake",701417,"Xuereb, Jonathan",804436,"Soul, Nico",1000275968,"Evans, Charlie",813602,"Luft, Riley",1000102710,true
197d7303-619e-4e4b-bd3f-ff73083c07c6,300,7ffcdfc0-2d6d-11f1-8dae-b3d58bc9f52b,66343f87-3ce0-47ac-b5be-094af64dcb23,2026-03-31,21:52:54.27,2026-04-01,01:52:54.27,2026-03-31T21:52:54.2756352-04:00,2026-04-01T01:52:54.2756352Z,APP_MOU,NCA_BUL,FoulBallNotFieldable,Undefined,NoShift,64.82812,57.97244,141.37069,28.28649,87.76399,-61.64822,136.42912,-39.01416,273.69086,-123.70914,312.82757,13.89298,255.30519,148.55407,"Puig, Ethan",813911,"Zamora, Joseph",1000128701,"Mummau, Jake",701417,"Xuereb, Jonathan",804436,"Soul, Nico",1000275968,"Evans, Charlie",813602,"Luft, Riley",1000102710,true
197d7303-619e-4e4b-bd3f-ff73083c07c6,301,8eb8d8c0-2d6d-11f1-8dae-b3d58bc9f52b,28b9ca58-0999-4da7-8ca1-67f8a7124012,2026-03-31,21:53:18.98,2026-04-01,01:53:18.98,2026-03-31T21:53:18.9870080-04:00,2026-04-01T01:53:18.9870080Z,APP_MOU,NCA_BUL,BallCalled,Undefined,NoShift,65.20149,57.6158,140.41933,26.89477,86.87242,-61.06408,135.43295,-38.87366,271.43979,-122.45822,314.27842,14.63305,251.05175,146.27399,"Puig, Ethan",813911,"Zamora, Joseph",1000128701,"Mummau, Jake",701417,"Xuereb, Jonathan",804436,"Soul, Nico",1000275968,"Evans, Charlie",813602,"Luft, Riley",1000102710,true
197d7303-619e-4e4b-bd3f-ff73083c07c6,302,9ac34650-2d6d-11f1-8dae-b3d58bc9f52b,56fd1f90-7bcd-4112-9bfb-4ef7e6f25350,2026-03-31,21:53:39.18,2026-04-01,01:53:39.18,2026-03-31T21:53:39.1823872-04:00,2026-04-01T01:53:39.1823872Z,APP_MOU,NCA_BUL,BallCalled,Undefined,NoShift,65.49009,57.91746,140.73649,27.05623,87.86785,-61.58082,136.31298,-40.46142,278.12377,-124.05098,313.56469,14.0829,249.05173,145.70944,"Puig, Ethan",813911,"Zamora, Joseph",1000128701,"Mummau, Jake",701417,"Xuereb, Jonathan",804436,"Soul, Nico",1000275968,"Evans, Charlie",813602,"Luft, Riley",1000102710,true
197d7303-619e-4e4b-bd3f-ff73083c07c6,303,a526baa0-2d6d-11f1-8dae-b3d58bc9f52b,0b26faf4-f3b9-41bb-8701-ff43995b190f,2026-03-31,21:53:56.65,2026-04-01,01:53:56.65,2026-03-31T21:53:56.6551040-04:00,2026-04-01T01:53:56.6551040Z,APP_MOU,NCA_BUL,InPlay,Out,NoShift,65.52984,57.50669,141.0768,27.08923,86.26384,-61.48479,135.05036,-39.2823,271.49397,-122.87956,314.30229,14.65282,254.00283,148.85567,"Puig, Ethan",813911,"Zamora, Joseph",1000128701,"Mummau, Jake",701417,"Xuereb, Jonathan",804436,"Soul, Nico",1000275968,"Evans, Charlie",813602,"Luft, Riley",1000102710,true
197d7303-619e-4e4b-bd3f-ff73083c07c6,304,bb316de0-2d6d-11f1-8dae-b3d58bc9f52b,2a93969b-c323-4fc4-bfcd-8bf3620286c8,2026-03-31,21:54:33.59,2026-04-01,01:54:33.59,2026-03-31T21:54:33.5990272-04:00,2026-04-01T01:54:33.5990272Z,APP_MOU,NCA_BUL,StrikeCalled,Undefined,NoShift,95.18529,64.91037,148.74461,32.42055,99.05254,-69.57097,143.07126,-45.97176,273.32125,-124.13153,315.49058,12.71681,248.27766,143.89039,"Puig, Ethan",813911,"Zamora, Joseph",1000128701,"Mummau, Jake",701417,"Xuereb, Jonathan",804436,"Soul, Nico",1000275968,"Evans, Charlie",813602,"Luft, Riley",1000102710,true
197d7303-619e-4e4b-bd3f-ff73083c07c6,305,c47d0990-2d6d-11f1-8dae-b3d58bc9f52b,be6ebab2-9f6a-4d3d-83f4-b816a9226525,2026-03-31,21:54:49.17,2026-04-01,01:54:49.17,2026-03-31T21:54:49.1743744-04:00,2026-04-01T01:54:49.1743744Z,APP_MOU,NCA_BUL,HitByPitch,Undefined,NoShift,96.89515,65.51063,148.65749,32.89578,99.0428,-70.36258,142.87331,-46.11193,272.76658,-122.90995,314.56538,14.24674,249.64128,144.99218,"Puig, Ethan",813911,"Zamora, Joseph",1000128701,"Mummau, Jake",701417,"Xuereb, Jonathan",804436,"Soul, Nico",1000275968,"Evans, Charlie",813602,"Luft, Riley",1000102710,true
197d7303-619e-4e4b-bd3f-ff73083c07c6,306,d827fae0-2d6d-11f1-8dae-b3d58bc9f52b,6701104a-578c-45ef-b904-8df6f8edbcbc,2026-03-31,21:55:22.19,2026-04-01,01:55:22.19,2026-03-31T21:55:22.1908480-04:00,2026-04-01T01:55:22.1908480Z,APP_MOU,NCA_BUL,StrikeCalled,Undefined,NoShift,65.82243,57.88229,146.71208,31.16634,97.8969,-69.64199,143.14387,-45.323,273.52661,-123.79999,312.91656,13.31089,249.95602,145.20426,"Puig, Ethan",813911,"Zamora, Joseph",1000128701,"Mummau, Jake",701417,"Xuereb, Jonathan",804436,"Soul, Nico",1000275968,"Evans, Charlie",813602,"Luft, Riley",1000102710,true
197d7303-619e-4e4b-bd3f-ff73083c07c6,307,e2e41680-2d6d-11f1-8dae-b3d58bc9f52b,214506df-234c-4297-b46d-2a3f495845d6,2026-03-31,21:55:40.20,2026-04-01,01:55:40.20,2026-03-31T21:55:40.2012160-04:00,2026-04-01T01:55:40.2012160Z,APP_MOU,NCA_BUL,StrikeCalled,Undefined,NoShift,66.32185,58.14652,148.76198,32.45656,96.77077,-69.92022,143.15139,-45.47045,275.59511,-125.00919,312.45915,13.61306,248.13738,144.29555,"Puig, Ethan",813911,"Zamora, Joseph",1000128701,"Mummau, Jake",701417,"Xuereb, Jonathan",804436,"Soul, Nico",1000275968,"Evans, Charlie",813602,"Luft, Riley",1000102710,true
197d7303-619e-4e4b-bd3f-ff73083c07c6,308,ee077f70-2d6d-11f1-8dae-b3d58bc9f52b,c4461caa-9e36-455f-85fe-f4f0e2981169,2026-03-31,21:55:58.87,2026-04-01,01:55:58.87,2026-03-31T21:55:58.8760000-04:00,2026-04-01T01:55:58.8760000Z,APP_MOU,NCA_BUL,StrikeSwinging,Undefined,NoShift,65.42028,57.72305,147.53852,32.27907,96.55273,-70.91466,143.73985,-45.43047,272.76135,-123.16354,312.27747,13.88665,251.05892,146.58147,"Puig, Ethan",813911,"Zamora, Joseph",1000128701,"Mummau, Jake",701417,"Xuereb, Jonathan",804436,"Soul, Nico",1000275968,"Evans, Charlie",813602,"Luft, Riley",1000102710,true
197d7303-619e-4e4b-bd3f-ff73083c07c6,309,476f6050-2d6e-11f1-8dae-b3d58bc9f52b,ee7c6ca7-a177-4d76-a2fb-94b13db37b16,2026-03-31,21:58:28.91,2026-04-01,01:58:28.91,2026-03-31T21:58:28.9112576-04:00,2026-04-01T01:58:28.9112576Z,NCA_BUL,APP_MOU,InPlay,Single,NoShift,92.02216,77.03811,134.47264,57.88427,86.7395,-51.33233,148.19211,-19.52401,253.26522,-130.6715,336.83506,0.91924,274.16319,143.62563,"Gillen, Patrick",804322,"Swangim, Zeb",1000239439,"Parks, Tyler",823708,"Lowe, Logan",1000448251,"Johnson, Blaize",10082492,"Pereira, Jake",10090799,"Minarik, Jake",1000414115,true
197d7303-619e-4e4b-bd3f-ff73083c07c6,310,5ef9aeb0-2d6e-11f1-8dae-b3d58bc9f52b,5c2b8e17-4bdd-45d7-b3aa-5196cf7589c2,2026-03-31,21:59:08.31,2026-04-01,01:59:08.31,2026-03-31T21:59:08.3157504-04:00,2026-04-01T01:59:08.3157504Z,NCA_BUL,APP_MOU,StrikeCalled,Undefined,NoShift,62.61529,56.63386,131.07919,47.62214,86.384,-52.60087,143.18574,-18.85992,251.2239,-130.93983,326.27261,-6.74213,268.32457,136.38692,"Gillen, Patrick",804322,"Swangim, Zeb",1000239439,"Parks, Tyler",823708,"Lowe, Logan",1000448251,"Johnson, Blaize",10082492,"Pereira, Jake",10090799,"Minarik, Jake",1000414115,true
197d7303-619e-4e4b-bd3f-ff73083c07c6,311,6a6c4910-2d6e-11f1-8dae-b3d58bc9f52b,5b66f558-68b9-4ceb-9e46-a6b8f44d4761,2026-03-31,21:59:27.61,2026-04-01,01:59:27.61,2026-03-31T21:59:27.6179456-04:00,2026-04-01T01:59:27.6179456Z,NCA_BUL,APP_MOU,FoulBallNotFieldable,Undefined,NoShift,63.00243,57.27583,129.1513,47.19728,86.0615,-52.04781,146.60308,-14.08755,250.41975,-130.2019,332.52247,-8.33746,269.64295,136.78903,"Gillen, Patrick",804322,"Swangim, Zeb",1000239439,"Parks, Tyler",823708,"Lowe, Logan",1000448251,"Johnson, Blaize",10082492,"Pereira, Jake",10090799,"Minarik, Jake",1000414115,true
197d7303-619e-4e4b-bd3f-ff73083c07c6,312,7948e970-2d6e-11f1-8dae-b3d58bc9f52b,570cf7d4-cbcd-44aa-9395-16c0495f417c,2026-03-31,21:59:52.54,2026-04-01,01:59:52.54,2026-03-31T21:59:52.5475328-04:00,2026-04-01T01:59:52.5475328Z,NCA_BUL,APP_MOU,BallCalled,Undefined,NoShift,62.61637,56.82399,129.86638,56.31191,102.97371,-53.59439,149.0662,-14.24176,252.86703,-142.56784,327.13577,-11.22023,268.14648,136.53979,"Gillen, Patrick",804322,"Swangim, Zeb",1000239439,"Parks, Tyler",823708,"Lowe, Logan",1000448251,"Johnson, Blaize",10082492,"Pereira, Jake",10090799,"Minarik, Jake",1000414115,true
197d7303-619e-4e4b-bd3f-ff73083c07c6,313,83ef3320-2d6e-11f1-8dae-b3d58bc9f52b,e4517554-4959-4faf-b0de-b0e44db207c1,2026-03-31,22:00:10.27,2026-04-01,02:00:10.27,2026-03-31T22:00:10.2776832-04:00,2026-04-01T02:00:10.2776832Z,NCA_BUL,APP_MOU,BallinDirt,Undefined,NoShift,63.05618,56.68456,128.97544,56.12069,100.45413,-50.83163,148.825,-13.54236,242.04035,-140.56612,321.05298,-12.41678,269.82496,135.63672,"Gillen, Patrick",804322,"Swangim, Zeb",1000239439,"Parks, Tyler",823708,"Lowe, Logan",1000448251,"Johnson, Blaize",10082492,"Pereira, Jake",10090799,"Minarik, Jake",1000414115,true
197d7303-619e-4e4b-bd3f-ff73083c07c6,314,91bb74f0-2d6e-11f1-8dae-b3d58bc9f52b,bb9390a7-f035-43d3-98e0-cecafd4c0b29,2026-03-31,22:00:33.50,2026-04-01,02:00:33.50,2026-03-31T22:00:33.5050752-04:00,2026-04-01T02:00:33.5050752Z,NCA_BUL,APP_MOU,BallCalled,Undefined,NoShift,62.83707,57.44261,130.14148,55.9277,95.97954,-50.4584,146.8542,-12.93079,244.42278,-140.24233,321.80214,-11.38746,270.73055,136.52938,"Gillen, Patrick",804322,"Swangim, Zeb",1000239439,"Parks, Tyler",823708,"Lowe, Logan",1000448251,"Johnson, Blaize",10082492,"Pereira, Jake",10090799,"Minarik, Jake",1000414115,true
197d7303-619e-4e4b-bd3f-ff73083c07c6,315,9db19730-2d6e-11f1-8dae-b3d58bc9f52b,382662c9-5158-41fb-89c8-c49a8e8d5032,2026-03-31,22:00:53.60,2026-04-01,02:00:53.60,2026-03-31T22:00:53.6084480-04:00,2026-04-01T02:00:53.6084480Z,NCA_BUL,APP_MOU,InPlay,Out,NoShift,63.07821,57.87942,133.44525,54.34088,99.12282,-53.45293,148.64356,-15.63744,244.2053,-141.92428,333.03253,-9.45183,270.84871,136.37085,"Gillen, Patrick",804322,"Swangim, Zeb",1000239439,"Parks, Tyler",823708,"Lowe, Logan",1000448251,"Johnson, Blaize",10082492,"Pereira, Jake",10090799,"Minarik, Jake",1000414115,true
197d7303-619e-4e4b-bd3f-ff73083c07c6,316,b70c86e0-2d6e-11f1-8dae-b3d58bc9f52b,12461e30-c665-4466-9557-df362157dcdb,2026-03-31,22:01:36.12,2026-04-01,02:01:36.12,2026-03-31T22:01:36.1205760-04:00,2026-04-01T02:01:36.1205760Z,NCA_BUL,APP_MOU,FoulBallNotFieldable,Undefined,NoShift,62.96012,57.53673,138.98201,28.06619,,,136.3138,-31.74032,291.78113,-145.12194,359.3695,-1.01145,275.21357,149.36441,"Gillen, Patrick",804322,"Swangim, Zeb",1000239439,"Parks, Tyler",823708,"Lowe, Logan",1000448251,"Johnson, Blaize",10082492,"Pereira, Jake",10090799,"Minarik, Jake",1000414115,true
197d7303-619e-4e4b-bd3f-ff73083c07c6,317,c80f62a0-2d6e-11f1-8dae-b3d58bc9f52b,b71f0312-8f67-4f96-aa65-df1af51e7353,2026-03-31,22:02:04.68,2026-04-01,02:02:04.68,2026-03-31T22:02:04.6840000-04:00,2026-04-01T02:02:04.6840000Z,NCA_BUL,APP_MOU,BallCalled,StolenBase,NoShift,62.89355,57.7172,140.62246,28.27242,,,137.40088,-30.14404,286.554,-144.91103,352.38245,-0.39965,272.88311,148.22686,"Gillen, Patrick",804322,"Swangim, Zeb",1000239439,"Parks, Tyler",823708,"Lowe, Logan",1000448251,"Johnson, Blaize",10082492,"Pereira, Jake",10090799,"Minarik, Jake",1000414115,true
197d7303-619e-4e4b-bd3f-ff73083c07c6,318,2db914c0-2d6f-11f1-8dae-b3d58bc9f52b,9f01a6ab-69ee-47d7-9c59-34486b9738e3,2026-03-31,22:04:55.25,2026-04-01,02:04:55.25,2026-03-31T22:04:55.2548864-04:00,2026-04-01T02:04:55.2548864Z,NCA_BUL,APP_MOU,BallinDirt,Undefined,NoShift,82.54273,59.07602,138.08262,15.57454,82.16307,-75.02765,137.35111,-35.20771,228.17717,-113.63366,279.8051,1.30751,244.8728,119.55348,"Gillen, Patrick",804322,"Swangim, Zeb",1000239439,"Parks, Tyler",823708,"Lowe, Logan",1000448251,"Johnson, Blaize",10082492,"Pereira, Jake",10090799,"Minarik, Jake",1000414115,true
197d7303-619e-4e4b-bd3f-ff73083c07c6,319,3c289b70-2d6f-11f1-8dae-b3d58bc9f52b,78b1845d-2884-470e-918b-1b46d67d7d34,2026-03-31,22:05:19.45,2026-04-01,02:05:19.45,2026-03-31T22:05:19.4525696-04:00,2026-04-01T02:05:19.4525696Z,NCA_BUL,APP_MOU,StrikeCalled,Undefined,NoShift,74.67442,51.28846,138.9443,17.25174,,,135.82072,-37.04568,226.06429,-113.39716,277.37156,4.43446,238.31879,117.62252,"Gillen, Patrick",804322,"Swangim, Zeb",1000239439,"Parks, Tyler",823708,"Lowe, Logan",1000448251,"Johnson, Blaize",10082492,"Pereira, Jake",10090799,"Minarik, Jake",1000414115,true
197d7303-619e-4e4b-bd3f-ff73083c07c6,320,47ba5690-2d6f-11f1-8dae-b3d58bc9f52b,4609f5bf-bd4c-4248-9b5e-663f3b25ba0e,2026-03-31,22:05:38.90,2026-04-01,02:05:38.90,2026-03-31T22:05:38.9046784-04:00,2026-04-01T02:05:38.9046784Z,NCA_BUL,APP_MOU,BallCalled,Undefined,NoShift,88.2391,62.63154,136.96856,15.40726,80.08869,-75.67459,136.69012,-38.02612,225.95232,-110.65912,279.23101,3.055,239.7623,118.55782,"Gillen, Patrick",804322,"Swangim, Zeb",1000239439,"Parks, Tyler",823708,"Lowe, Logan",1000448251,"Johnson, Blaize",10082492,"Pereira, Jake",10090799,"Minarik, Jake",1000414115,true
197d7303-619e-4e4b-bd3f-ff73083c07c6,321,53bd9830-2d6f-11f1-8dae-b3d58bc9f52b,6818dfb8-0ed2-4d87-9695-60e89d057670,2026-03-31,22:05:59.02,2026-04-01,02:05:59.02,2026-03-31T22:05:59.0282240-04:00,2026-04-01T02:05:59.0282240Z,NCA_BUL,APP_MOU,InPlay,Out,NoShift,87.42817,62.75258,140.51691,20.39734,88.3201,-70.2901,136.91241,-37.54476,228.6132,-111.27598,279.65928,3.2833,237.52907,117.7354,"Gillen, Patrick",804322,"Swangim, Zeb",1000239439,"Parks, Tyler",823708,"Lowe, Logan",1000448251,"Johnson, Blaize",10082492,"Pereira, Jake",10090799,"Minarik, Jake",1000414115,true
197d7303-619e-4e4b-bd3f-ff73083c07c6,322,6a8a62f0-2d6f-11f1-8dae-b3d58bc9f52b,bc3922f8-f471-4932-b982-12db791f6d15,2026-03-31,22:06:37.24,2026-04-01,02:06:37.24,2026-03-31T22:06:37.2405760-04:00,2026-04-01T02:06:37.2405760Z,NCA_BUL,APP_MOU,BallCalled,Undefined,NoShift,89.46809,62.5029,144.64736,30.65009,86.97053,-68.11701,139.8935,-37.93271,256.78123,-124.97442,324.65087,1.04905,259.52851,135.8852,"Gillen, Patrick",804322,"Swangim, Zeb",1000239439,"Parks, Tyler",823708,"Lowe, Logan",1000448251,"Johnson, Blaize",10082492,"Pereira, Jake",10090799,"Minarik, Jake",1000414115,true
197d7303-619e-4e4b-bd3f-ff73083c07c6,323,745ce1e0-2d6f-11f1-8dae-b3d58bc9f52b,a0f35521-a06a-42ad-9782-8629038b622c,2026-03-31,22:06:53.69,2026-04-01,02:06:53.69,2026-03-31T22:06:53.6984576-04:00,2026-04-01T02:06:53.6984576Z,NCA_BUL,APP_MOU,StrikeCalled,Undefined,NoShift,87.69597,61.20722,144.37429,30.76549,86.06428,-69.97559,139.26009,-36.78655,257.25778,-125.03833,323.04654,0.86281,260.14625,136.28414,"Gillen, Patrick",804322,"Swangim, Zeb",1000239439,"Parks, Tyler",823708,"Lowe, Logan",1000448251,"Johnson, Blaize",10082492,"Pereira, Jake",10090799,"Minarik, Jake",1000414115,true
197d7303-619e-4e4b-bd3f-ff73083c07c6,324,86a758d0-2d6f-11f1-8dae-b3d58bc9f52b,533d96f1-8ba2-49d8-b296-b58a94c767a5,2026-03-31,22:07:24.42,2026-04-01,02:07:24.42,2026-03-31T22:07:24.4245504-04:00,2026-04-01T02:07:24.4245504Z,NCA_BUL,APP_MOU,InPlay,Out,NoShift,93.32405,67.2881,145.82605,31.05743,86.90828,-71.16691,139.7142,-35.80734,257.15197,-126.69802,324.24507,0.79768,257.37192,134.47131,"Gillen, Patrick",804322,"Swangim, Zeb",1000239439,"Parks, Tyler",823708,"Lowe, Logan",1000448251,"Johnson, Blaize",10082492,"Pereira, Jake",10090799,"Minarik, Jake",1000414115,true
197d7303-619e-4e4b-bd3f-ff73083c07c6,325,db25e6b0-2d6f-11f1-8dae-b3d58bc9f52b,ef27711b-c8f2-4362-b00d-7c6356ad0ff8,2026-03-31,22:09:46.26,2026-04-01,02:09:46.26,2026-03-31T22:09:46.2671872-04:00,2026-04-01T02:09:46.2671872Z,APP_MOU,NCA_BUL,FoulBallNotFieldable,Undefined,NoShift,93.45058,62.7655,149.96219,32.1767,97.96779,-68.96147,142.5636,-46.18983,276.74631,-126.53737,316.30937,13.73417,245.76071,142.42629,"Puig, Ethan",813911,"Zamora, Joseph",1000128701,"Mummau, Jake",701417,"Xuereb, Jonathan",804436,"Soul, Nico",1000275968,"Evans, Charlie",813602,"Luft, Riley",1000102710,true
197d7303-619e-4e4b-bd3f-ff73083c07c6,326,ebfb22c0-2d6f-11f1-8dae-b3d58bc9f52b,d16889c0-daf8-4656-a24a-a2a6a80d6733,2026-03-31,22:10:14.45,2026-04-01,02:10:14.45,2026-03-31T22:10:14.4580000-04:00,2026-04-01T02:10:14.4580000Z,APP_MOU,NCA_BUL,StrikeCalled,Undefined,NoShift,96.51601,67.79236,149.54711,33.08021,97.06922,-70.14058,143.00158,-46.42506,271.23139,-123.01183,311.68365,14.06412,243.28937,141.76922,"Puig, Ethan",813911,"Zamora, Joseph",1000128701,"Mummau, Jake",701417,"Xuereb, Jonathan",804436,"Soul, Nico",1000275968,"Evans, Charlie",813602,"Luft, Riley",1000102710,true
197d7303-619e-4e4b-bd3f-ff73083c07c6,327,f6cc9b20-2d6f-11f1-8dae-b3d58bc9f52b,174d4223-e0db-44cb-9bdd-bebd5a958862,2026-03-31,22:10:32.58,2026-04-01,02:10:32.58,2026-03-31T22:10:32.5842432-04:00,2026-04-01T02:10:32.5842432Z,APP_MOU,NCA_BUL,FoulBallNotFieldable,Undefined,NoShift,97.28565,66.84354,150.01763,32.58592,97.10662,-70.24661,142.3764,-46.7835,274.26423,-123.84633,316.65124,14.33416,246.51907,142.17234,"Puig, Ethan",813911,"Zamora, Joseph",1000128701,"Mummau, Jake",701417,"Xuereb, Jonathan",804436,"Soul, Nico",1000275968,"Evans, Charlie",813602,"Luft, Riley",1000102710,true
197d7303-619e-4e4b-bd3f-ff73083c07c6,328,049e3420-2d70-11f1-8dae-b3d58bc9f52b,70b276f2-d162-4d2f-87d1-91870fcbb6c9,2026-03-31,22:10:55.75,2026-04-01,02:10:55.75,2026-03-31T22:10:55.7520384-04:00,2026-04-01T02:10:55.7520384Z,APP_MOU,NCA_BUL,InPlay,Double,NoShift,93.02307,64.71324,148.66857,34.03419,96.92827,-71.28914,141.4334,-47.01389,271.41958,-122.72697,312.83005,14.22885,247.52112,143.70182,"Puig, Ethan",813911,"Zamora, Joseph",1000128701,"Mummau, Jake",701417,"Xuereb, Jonathan",804436,"Soul, Nico",1000275968,"Evans, Charlie",813602,"Luft, Riley",1000102710,true
197d7303-619e-4e4b-bd3f-ff73083c07c6,329,21bbd120-2d70-11f1-8dae-b3d58bc9f52b,e76ad719-3fde-406a-ace8-6b783487bf65,2026-03-31,22:11:44.64,2026-04-01,02:11:44.64,2026-03-31T22:11:44.6420000-04:00,2026-04-01T02:11:44.6420000Z,APP_MOU,NCA_BUL,StrikeCalled,Undefined,NoShift,95.91319,56.63676,151.21771,7.67665,74.79661,-55.27158,142.46677,-46.70481,274.03079,-124.44098,315.04459,12.60831,250.27259,145.08323,"Puig, Ethan",813911,"Zamora, Joseph",1000128701,"Mummau, Jake",701417,"Xuereb, Jonathan",804436,"Soul, Nico",1000275968,"Evans, Charlie",813602,"Luft, Riley",1000102710,true
197d7303-619e-4e4b-bd3f-ff73083c07c6,330,2d3178c0-2d70-11f1-8dae-b3d58bc9f52b,6437ead9-fd87-4e13-8d1c-75b4b38c28ca,2026-03-31,22:12:03.87,2026-04-01,02:12:03.87,2026-03-31T22:12:03.8771712-04:00,2026-04-01T02:12:03.8771712Z,APP_MOU,NCA_BUL,FoulBallNotFieldable,Undefined,NoShift,95.19107,57.31783,152.51645,8.43707,76.29074,-56.47175,141.1141,-47.31236,271.10101,-122.31993,310.76504,12.74355,247.33166,143.16802,"Puig, Ethan",813911,"Zamora, Joseph",1000128701,"Mummau, Jake",701417,"Xuereb, Jonathan",804436,"Soul, Nico",1000275968,"Evans, Charlie",813602,"Luft, Riley",1000102710,true
197d7303-619e-4e4b-bd3f-ff73083c07c6,331,3fc3a710-2d70-11f1-8dae-b3d58bc9f52b,e05e226d-96d3-41c2-837b-ef4c92e6d77c,2026-03-31,22:12:35.00,2026-04-01,02:12:35.00,2026-03-31T22:12:35.0033920-04:00,2026-04-01T02:12:35.0033920Z,APP_MOU,NCA_BUL,FoulBallNotFieldable,Undefined,NoShift,95.94261,58.44535,152.92225,7.62215,97.05061,-71.54897,142.5193,-47.14129,273.32596,-123.2789,312.7326,12.87392,245.87197,142.6339,"Puig, Ethan",813911,"Zamora, Joseph",1000128701,"Mummau, Jake",701417,"Xuereb, Jonathan",804436,"Soul, Nico",1000275968,"Evans, Charlie",813602,"Luft, Riley",1000102710,true
197d7303-619e-4e4b-bd3f-ff73083c07c6,332,503bf610-2d70-11f1-8dae-b3d58bc9f52b,8f09c944-5975-4a60-b30d-db1a0543fedf,2026-03-31,22:13:02.66,2026-04-01,02:13:02.66,2026-03-31T22:13:02.6600000-04:00,2026-04-01T02:13:02.6600000Z,APP_MOU,NCA_BUL,InPlay,Out,NoShift,97.90077,57.05204,151.82369,16.88086,95.27253,-70.56854,141.45037,-46.70214,273.28071,-122.665,308.69458,13.44764,249.97747,143.81931,"Puig, Ethan",813911,"Zamora, Joseph",1000128701,"Mummau, Jake",701417,"Xuereb, Jonathan",804436,"Soul, Nico",1000275968,"Evans, Charlie",813602,"Luft, Riley",1000102710,true
197d7303-619e-4e4b-bd3f-ff73083c07c6,333,65026980-2d70-11f1-8dae-b3d58bc9f52b,6d606694-054f-44aa-9f29-523c1be5b0c5,2026-03-31,22:13:37.46,2026-04-01,02:13:37.46,2026-03-31T22:13:37.4639616-04:00,2026-04-01T02:13:37.4639616Z,APP_MOU,NCA_BUL,BallCalled,Undefined,NoShift,91.61812,74.83141,162.71302,56.03481,95.66349,-55.60141,148.72662,-16.89538,260.19322,-123.96603,320.40925,5.96998,277.83868,143.81005,"Puig, Ethan",813911,"Zamora, Joseph",1000128701,"Mummau, Jake",701417,"Xuereb, Jonathan",804436,"Soul, Nico",1000275968,"Evans, Charlie",813602,"Luft, Riley",1000102710,true
197d7303-619e-4e4b-bd3f-ff73083c07c6,334,71532ee0-2d70-11f1-8dae-b3d58bc9f52b,263032bf-f670-40c2-b4ef-c77109e4efd1,2026-03-31,22:13:58.14,2026-04-01,02:13:58.14,2026-03-31T22:13:58.1453312-04:00,2026-04-01T02:13:58.1453312Z,APP_MOU,NCA_BUL,BallCalled,Undefined,NoShift,90.92789,72.37098,163.75901,61.95967,95.85809,-58.66415,149.22414,-15.52107,263.53028,-124.61161,319.87761,8.09319,276.41019,145.5484,"Puig, Ethan",813911,"Zamora, Joseph",1000128701,"Mummau, Jake",701417,"Xuereb, Jonathan",804436,"Soul, Nico",1000275968,"Evans, Charlie",813602,"Luft, Riley",1000102710,true
197d7303-619e-4e4b-bd3f-ff73083c07c6,335,7dfe2230-2d70-11f1-8dae-b3d58bc9f52b,b4e575d9-8dec-40c4-8387-1be27f60cf41,2026-03-31,22:14:19.43,2026-04-01,02:14:19.43,2026-03-31T22:14:19.4340864-04:00,2026-04-01T02:14:19.4340864Z,APP_MOU,NCA_BUL,BallCalled,Undefined,NoShift,88.7597,73.34849,166.34824,63.16536,93.49948,-58.66499,150.40148,-17.67941,259.00609,-123.80755,318.01049,9.71887,274.53512,144.87526,"Puig, Ethan",813911,"Zamora, Joseph",1000128701,"Mummau, Jake",701417,"Xuereb, Jonathan",804436,"Soul, Nico",1000275968,"Evans, Charlie",813602,"Luft, Riley",1000102710,true
197d7303-619e-4e4b-bd3f-ff73083c07c6,336,8b226430-2d70-11f1-8dae-b3d58bc9f52b,33fb69c9-ad59-4d15-a6a8-bf09b84eb37c,2026-03-31,22:14:41.50,2026-04-01,02:14:41.50,2026-03-31T22:14:41.5050000-04:00,2026-04-01T02:14:41.5050000Z,APP_MOU,NCA_BUL,BallCalled,Undefined,NoShift,88.41759,73.86847,166.37172,63.33891,93.22289,-58.10287,147.70606,-18.14254,258.86848,-123.69112,323.272,9.13132,276.72295,141.14508,"Puig, Ethan",813911,"Zamora, Joseph",1000128701,"Mummau, Jake",701417,"Xuereb, Jonathan",804436,"Soul, Nico",1000275968,"Evans, Charlie",813602,"Luft, Riley",1000102710,true
197d7303-619e-4e4b-bd3f-ff73083c07c6,337,04ead810-2d71-11f1-8dae-b3d58bc9f52b,a5eb2e23-d894-4c4b-8341-e278a2e9d994,2026-03-31,22:18:05.80,2026-04-01,02:18:05.80,2026-03-31T22:18:05.8086912-04:00,2026-04-01T02:18:05.8086912Z,APP_MOU,NCA_BUL,BallCalled,Undefined,NoShift,65.65939,56.86743,135.59127,30.80846,82.62364,-58.0378,144.86997,-9.62339,244.45758,-137.52298,320.86909,-16.80079,278.09269,133.2816,"Puig, Ethan",813911,"Zamora, Joseph",1000128701,"Mummau, Jake",701417,"Xuereb, Jonathan",804436,"Soul, Nico",1000275968,"Evans, Charlie",813602,"Luft, Riley",1000102710,true
197d7303-619e-4e4b-bd3f-ff73083c07c6,338,0f4c77a0-2d71-11f1-8dae-b3d58bc9f52b,6a7b565c-5888-433a-ad8f-4924750f5ba6,2026-03-31,22:18:23.22,2026-04-01,02:18:23.22,2026-03-31T22:18:23.2242176-04:00,2026-04-01T02:18:23.2242176Z,APP_MOU,NCA_BUL,InPlay,Out,NoShift,64.53225,57.35823,134.45954,31.54272,83.72214,-59.89819,145.00207,-8.74802,245.07357,-139.78813,319.35671,-15.70643,280.70919,135.38757,"Puig, Ethan",813911,"Zamora, Joseph",1000128701,"Mummau, Jake",701417,"Xuereb, Jonathan",804436,"Soul, Nico",1000275968,"Evans, Charlie",813602,"Luft, Riley",1000102710,true
197d7303-619e-4e4b-bd3f-ff73083c07c6,339,638a5300-2d71-11f1-8dae-b3d58bc9f52b,6a713b48-b4b2-4998-82f8-fc7eba471b86,2026-03-31,22:20:44.52,2026-04-01,02:20:44.52,2026-03-31T22:20:44.5262848-04:00,2026-04-01T02:20:44.5262848Z,NCA_BUL,APP_MOU,StrikeCalled,Undefined,NoShift,91.30774,63.3279,145.99806,32.12521,88.42703,-70.61382,138.57236,-41.00992,260.99385,-124.47543,299.84659,13.7001,262.96191,138.25746,"Gillen, Patrick",804322,"Swangim, Zeb",1000239439,"Parks, Tyler",823708,"Lowe, Logan",1000448251,"Johnson, Blaize",10082492,"Pereira, Jake",10090799,"Minarik, Jake",1000414115,true
197d7303-619e-4e4b-bd3f-ff73083c07c6,340,6d6a6680-2d71-11f1-8dae-b3d58bc9f52b,d1378ea6-7e02-49c2-bde2-746fca4f502a,2026-03-31,22:21:00.18,2026-04-01,02:21:00.18,2026-03-31T22:21:00.1851904-04:00,2026-04-01T02:21:00.1851904Z,NCA_BUL,APP_MOU,FoulBallNotFieldable,Undefined,NoShift,90.31288,62.80952,146.70379,33.23082,88.18559,-70.49473,139.2157,-40.96619,260.87001,-124.93247,304.03852,12.264,261.92161,137.8191,"Gillen, Patrick",804322,"Swangim, Zeb",1000239439,"Parks, Tyler",823708,"Lowe, Logan",1000448251,"Johnson, Blaize",10082492,"Pereira, Jake",10090799,"Minarik, Jake",1000414115,true
197d7303-619e-4e4b-bd3f-ff73083c07c6,341,7bf71220-2d71-11f1-8dae-b3d58bc9f52b,a67c934d-a72d-46a2-8704-bb9c5fe7d516,2026-03-31,22:21:25.49,2026-04-01,02:21:25.49,2026-03-31T22:21:25.4912512-04:00,2026-04-01T02:21:25.4912512Z,NCA_BUL,APP_MOU,InPlay,Single,NoShift,90.9097,63.53415,147.33258,33.37327,88.64386,-70.08275,139.45554,-38.63499,262.38372,-118.51366,307.67761,12.2835,240.85295,139.19795,"Gillen, Patrick",804322,"Swangim, Zeb",1000239439,"Parks, Tyler",823708,"Lowe, Logan",1000448251,"Johnson, Blaize",10082492,"Pereira, Jake",10090799,"Minarik, Jake",1000414115,true
197d7303-619e-4e4b-bd3f-ff73083c07c6,342,9871b860-2d71-11f1-8dae-b3d58bc9f52b,159cebc2-ec0b-4d28-8a11-c5c13b3a8b9f,2026-03-31,22:22:13.22,2026-04-01,02:22:13.22,2026-03-31T22:22:13.2280320-04:00,2026-04-01T02:22:13.2280320Z,NCA_BUL,APP_MOU,InPlay,Single,NoShift,63.32864,57.53971,139.75493,27.39371,,,136.79531,-32.43924,285.46372,-145.16861,356.42716,1.90914,276.52536,148.37714,"Gillen, Patrick",804322,"Swangim, Zeb",1000239439,"Parks, Tyler",823708,"Lowe, Logan",1000448251,"Johnson, Blaize",10082492,"Pereira, Jake",10090799,"Minarik, Jake",1000414115,true